,구군,명칭,주소,위도,경도
0,중구,힘찬약국,대구광역시 중구 서성로 96,35.8738162,128.5876493
1,중구,희망약국,대구광역시 중구 달구벌대로 2212 ,35.863796,128.6044029
2,중구,호두약국,대구광역시 중구 달구벌대로 2207,35.863796,128.6044029
3,중구,혜민약국,대구광역시 중구 국채보상로 533 ,35.8703485,128.592908
4,중구,현대약국,대구광역시 중구 서성로14길 99 ,35.8723604,128.5875745
5,중구,행운약국,대구광역시 중구 태평로 160,35.874624999999995,128.59525144523155
6,중구,행복약국,대구광역시 중구 남산로 83-1 ,35.8605083,128.5842266
7,중구,한일약국,대구광역시 중구 국채보상로 598 ,35.8705232,128.5960307421687
8,중구,한성약국,대구광역시 중구 중앙대로 386-1,35.8667152,128.593521
9,중구,한미약국,대구광역시 중구 동성로6길 2-1 ,35.8683484,128.5954188
10,중구,한도약국,대구광역시 중구 달구벌대로 2124 ,35.863796,128.6044029
11,중구,하은약국,대구광역시 중구 동덕로30길 29,35.8665792,128.6116577
12,중구,하동약국,대구광역시 중구 중앙대로 434-14,35.8693403,128.5937501
13,중구,하나약국,대구광역시 중구 달구벌대로 2109 ,35.8655191,128.594562
14,중구,플러스약국,대구광역시 중구 공평로 20 ,35.8661636,128.6005842
15,중구,프라자약국,대구광역시 중구 국채보상로 447 ,35.8684573,128.6056251
16,중구,푸른약국,대구광역시 중구 중앙대로 372 ,35.8693403,128.5937501
17,중구,평화약국,대구광역시 중구 중앙대로 303 ,35.8693403,128.5937501
18,중구,편한현대약국,대구광역시 중구 달구벌대로 2100,35.8650121,128.5954292
19,중구,팜약국,대구광역시 중구 달구벌대로 2094,35.863796,128.6044029
20,중구,튼튼약국,대구광역시 중구 이천로 234-1 ,35.8612793,128.5981412
21,중구,토마토약국,대구광역시 중구 대봉로 240,35.8564749,128.6025962
22,중구,큰시장약국,대구광역시 중구 큰장로 130 ,35.86666,128.5754
23,중구,치즈약국,대구광역시 중구 동덕로 99,35.860543,128.6040235
24,중구,청라약국,대구광역시 중구 달성로 71,35.8681063,128.5822329
25,중구,참평화약국,대구광역시 중구 태평로 102 ,35.8744093,128.5979207
26,중구,진약국,대구광역시 중구 달구벌대로 2181 ,35.863796,128.6044029
27,중구,즐거운약국,대구광역시 중구 달구벌대로 2191 ,35.863796,128.6044029
28,중구,좋은약국,대구광역시 중구 명덕로 203,35.8582608,128.5784982
29,중구,조은약국,대구광역시 중구 동성로4길 111 ,35.8654157,128.5994311
30,중구,제현당약국,대구광역시 중구 동덕로30길 104-2 ,35.8665792,128.6116577
31,중구,제일약국,대구광역시 중구 명륜로 140 ,35.8617681,128.5911304
32,중구,제일사랑약국,대구광역시 중구 이천로 237-1,35.8612793,128.5981412
33,중구,제이약국,대구광역시 중구 달구벌대로 2188,35.863796,128.6044029
34,중구,정문약국,대구광역시 중구 동덕로30길 31 ,35.8665792,128.6116577
35,중구,장약국,대구광역시 중구 동성로1길 81 ,35.8671441,128.5936329
36,중구,일신약국,대구광역시 중구 달성로 99 ,35.8681063,128.5822329
37,중구,유일약국,대구광역시 중구 국채보상로 529 ,35.8703485,128.592908
38,중구,위드팜새동산약국,대구광역시 중구 국채보상로 474 ,35.8684573,128.6056251
39,중구,우리약국,대구광역시 중구 동덕로 75 ,35.860543,128.6040235
40,중구,우리들약국,대구광역시 중구 달구벌대로 2126 ,35.8646566,128.59605662076982
41,중구,옵티마소망약국,대구광역시 중구 남산로13길 9 ,35.861439,128.580506
42,중구,올리브약국,대구광역시 중구 달성로 37,35.8681063,128.5822329
43,중구,영남약국,대구광역시 중구 달성로 51 ,35.8681063,128.5822329
44,중구,영광약국,대구광역시 중구 달구벌대로 2155,35.863796,128.6044029
45,중구,열린약국,대구광역시 중구 달성로 54,35.8681063,128.5822329
46,중구,엘디스약국,대구광역시 중구 달구벌대로 2033,35.863796,128.6044029
47,중구,엔젤약국,대구광역시 중구 동성로3길 99 ,35.869776599999994,128.59829495000002
48,중구,애플약국,대구광역시 중구 달구벌대로 2202,35.863796,128.6044029
49,중구,신정약국,대구광역시 중구 국채보상로 533-18 ,35.8703485,128.592908
50,중구,신세명약국,대구광역시 중구 명륜로 68,35.8617681,128.5911304
51,중구,신세계약국,대구광역시 중구 국채보상로 634,35.8703485,128.592908
52,중구,신남약국,대구광역시 중구 달성로 1 ,35.8697638,128.5824525
53,중구,시원약국,대구광역시 중구 남산로17길 109,35.8635683,128.5821901
54,중구,시대약국,대구광역시 중구 남산로6길 4 ,35.8595273,128.586273
55,중구,시내약국,대구광역시 중구 명륜로23길 111 ,35.8625515,128.5953928
56,중구,스마일약국,대구광역시 중구 남산로 48,35.8605083,128.5842266
57,중구,수현약국,대구광역시 중구 동성로 39,35.87041775,128.59533544220557
58,중구,수창약국,대구광역시 중구 북성로 21-1 ,35.8740477,128.5899668
59,중구,송약국,대구광역시 중구 명륜로23길 106,35.8625515,128.5953928
60,중구,솔약국,대구광역시 중구 동덕로 115 ,35.860543,128.6040235
61,중구,손&주약국,대구광역시 중구 달구벌대로 1993 ,35.8672794,128.5865044
62,중구,세종약국,대구광역시 중구 달구벌대로 2232-29 ,35.863796,128.6044029
63,중구,세민약국,대구광역시 중구 달구벌대로 2095,35.86630715,128.59279673908281
64,중구,세명약국,대구광역시 중구 국채보상로 468 ,35.8684573,128.6056251
65,중구,성신약국,대구광역시 중구 동덕로 68,35.860543,128.6040235
66,중구,성산약국,대구광역시 중구 명륜로 100 ,35.8617681,128.5911304
67,중구,서울약국,대구광역시 중구 중앙대로 355-1 ,35.8693403,128.5937501
68,중구,서문약국,대구광역시 중구 큰장로 132 ,35.861157,128.5744059
69,중구,서문시장약국,대구광역시 중구 달성로 53,35.8681063,128.5822329
70,중구,서문로약국,대구광역시 중구 경상감영길 43 ,35.8716711,128.5990236
71,중구,서독약국,대구광역시 중구 국채보상로 553 ,35.8703485,128.592908
72,중구,샘물약국,대구광역시 중구 공평로 16,35.8661636,128.6005842
73,중구,새싹약국,대구광역시 중구 달구벌대로 1955,35.863796,128.6044029
74,중구,새봄약국,대구광역시 중구 달구벌대로 1992,35.863796,128.6044029
75,중구,새명덕약국,대구광역시 중구 명덕로 207 ,35.8582608,128.5784982
76,중구,상호약국,대구광역시 중구 국채보상로 544 ,35.8684573,128.6056251
77,중구,상아약국,대구광역시 중구 달성로 95,35.8681063,128.5822329
78,중구,삼행약국,대구광역시 중구 태평로 287 ,35.8758012,128.5911834
79,중구,삼성약국,대구광역시 중구 국채보상로 536 ,35.8703485,128.592908
80,중구,삼덕약국,대구광역시 중구 동덕로26길 14 ,35.8655857,128.6038757
81,중구,사랑온누리약국,대구광역시 중구 국채보상로 626-1 ,35.8684573,128.6056251
82,중구,사랑약국,대구광역시 중구 중앙대로 360 ,35.8667152,128.593521
83,중구,봄약국,대구광역시 중구 달구벌대로447길 6,35.8638915,128.6098578
84,중구,복음약국,대구광역시 중구 달성로 29 ,35.8734803,128.5826789
85,중구,보현약국,대구광역시 중구 동성로5길 26,35.8673876,128.5977543
86,중구,보성약국,대구광역시 중구 명덕로 63-1 ,35.8582608,128.5784982
87,중구,보배약국,대구광역시 중구 동성로1길 68 ,35.8671441,128.5936329
88,중구,배약국,대구광역시 중구 달구벌대로 2208 ,35.863796,128.6044029
89,중구,밝은미소약국,대구광역시 중구 국채보상로 511 ,35.8703485,128.592908
90,중구,반월용약국,대구광역시 중구 달구벌대로 2149,35.863796,128.6044029
91,중구,반월당중앙약국,대구광역시 중구 중앙대로 366,35.8667152,128.593521
92,중구,반월당자연사랑약국,대구광역시 중구 달구벌대로 2100,35.8650121,128.5954292
93,중구,반월당신세계약국,대구광역시 중구 달구벌대로 2100,35.8650121,128.5954292
94,중구,반월당메트로약국,대구광역시 중구 달구벌대로 2100,35.8650121,128.5954292
95,중구,반월당대구약국,대구광역시 중구 달구벌대로 2100,35.8650121,128.5954292
96,중구,반월당경북약국,대구광역시 중구 달구벌대로 2100,35.8650121,128.5954292
97,중구,바른약국,대구광역시 중구 달구벌대로 2127,35.863796,128.6044029
98,중구,미소약국,대구광역시 중구 중앙대로 411 ,35.8693403,128.5937501
99,중구,미소시티약국,대구광역시 중구 달구벌대로 2051,35.863796,128.6044029
100,중구,문앞약국,대구광역시 중구 동덕로26길 10 ,35.8655857,128.6038757
101,중구,모정약국,대구광역시 중구 국채보상로 716 ,35.8684573,128.6056251
102,중구,명문당약국,대구광역시 중구 동덕로 194 ,35.860543,128.6040235
103,중구,명동약국,대구광역시 중구 큰장로 98-1 ,35.86666,128.5754
104,중구,메트로정약국,대구광역시 중구 달구벌대로 2100,35.8650121,128.5954292
105,중구,메트로약국,대구광역시 중구 달구벌대로 2143 ,35.8672794,128.5865044
106,중구,메디팜 센터약국,대구광역시 중구 중앙대로66길 20,35.862283,128.595088
107,중구,메디칼약국,대구광역시 중구 국채보상로140길 40 ,35.8678393,128.6056247
108,중구,메디약국,대구광역시 중구 중앙대로 359,35.8693403,128.5937501
109,중구,메디김약국,대구광역시 중구 달구벌대로 1999,35.863796,128.6044029
110,중구,맘편한약국,대구광역시 중구 동덕로 91,35.860543,128.6040235
111,중구,맑은약국,대구광역시 중구 국채보상로123길 16,35.8712979,128.5974869
112,중구,맑은미소약국,대구광역시 중구 중앙대로 295,35.8693403,128.5937501
113,중구,만우약국,대구광역시 중구 동성로1길 77 ,35.8671441,128.5936329
114,중구,만나약국,대구광역시 중구 달구벌대로 2163 ,35.863796,128.6044029
115,중구,마루약국,대구광역시 중구 달구벌대로415길 25 ,35.8669263,128.5899981
116,중구,드림온누리약국,대구광역시 중구 달구벌대로 2210,35.863796,128.6044029
117,중구,두산약국,대구광역시 중구 동덕로 127 ,35.860543,128.6040235
118,중구,동진약국,대구광역시 중구 국채보상로149길 55 ,35.8728692,128.6105315
119,중구,동아약국,대구광역시 중구 중앙대로 450-1 ,35.8693403,128.5937501
120,중구,동문 주차장 약국,대구광역시 중구 달구벌대로443길 62,35.8648299,128.6056145
121,중구,동대구약국,대구광역시 중구 국채보상로 734 ,35.8703485,128.592908
122,중구,독일약국,대구광역시 중구 국채보상로 604 ,35.8704668,128.59673893709663
123,중구,더숲약국,대구광역시 중구 공평로10길 18,35.8672111,128.6023715
124,중구,대흥약국,대구광역시 중구 동덕로 119 ,35.860543,128.6040235
125,중구,대학약국,대구광역시 중구 달성로 26 ,35.8681063,128.5822329
126,중구,대학당약국,대구광역시 중구 동덕로30길 31 ,35.8665792,128.6116577
127,중구,대하약국,대구광역시 중구 중앙대로 447-1 ,35.8693403,128.5937501
128,중구,대남약국,대구광역시 중구 중앙대로 297 ,35.8693403,128.5937501
129,중구,대구우리안약국,대구광역시 중구 국채보상로 648 ,35.8684573,128.6056251
130,중구,대구약국,대구광역시 중구 달구벌대로 2179,35.863796,128.6044029
131,중구,다은약국,대구광역시 중구 명덕로 67,35.8582608,128.5784982
132,중구,다온약국,대구광역시 중구 달구벌대로 2167,35.863796,128.6044029
133,중구,다사랑약국,대구광역시 중구 달구벌대로 1988-3 ,35.863796,128.6044029
134,중구,늘푸른온누리약국,대구광역시 중구 명덕로 59 ,35.8582608,128.5784982
135,중구,눈사랑 약국,대구광역시 중구 동덕로 106-4 ,35.860543,128.6040235
136,중구,남산약국,대구광역시 중구 달구벌대로 2021,35.863796,128.6044029
137,중구,나사렛약국,대구광역시 중구 국채보상로 476 ,35.8684573,128.6056251
138,중구,나루약국,대구광역시 중구 국채보상로 457-1,35.8703485,128.592908
139,중구,나라약국,대구광역시 중구 국채보상로 630,35.8684573,128.6056251
140,중구,그린약국,대구광역시 중구 국채보상로 538 ,35.8703485,128.592908
141,중구,광명약국,대구광역시 중구 큰장로 74 ,35.86666,128.5754
142,중구,공평약국,대구광역시 중구 동성로6길 77 ,35.868404299999995,128.59960070697957
143,중구,고운빛온누리약국,대구광역시 중구 동덕로 141 ,35.860543,128.6040235
144,중구,경북제일약국,대구광역시 중구 동덕로30길 35 ,35.8665792,128.6116577
145,중구,경북온누리약국,대구광역시 중구 동덕로30길 45 ,35.8665792,128.6116577
146,중구,경대약국,대구광역시 중구 동덕로30길 37-1 ,35.8665792,128.6116577
147,중구,건강한약국,대구광역시 중구 달구벌대로 2120 ,35.863796,128.6044029
148,중구,갤러리약국,대구광역시 중구 중앙대로 309,35.8693403,128.5937501
149,중구,228약국,대구광역시 중구 동성로2길 95,35.87015465,128.59686578563526
150,수성구,보령약국,대구광역시 수성구 수성로 375-1 ,35.8598073,128.6141271
151,수성구,아나약국,대구광역시 수성구 용학로 325,35.8238747,128.6215693
152,수성구,수성약국,대구광역시 수성구 수성로 192 ,35.8598073,128.6141271
153,수성구,상동약국,대구광역시 수성구 상화로 38-1 ,35.8356293,128.6149401
154,수성구,시약국,대구광역시 수성구 달구벌대로 2540 ,35.8501654,128.6662139
155,수성구,대왕약국,대구광역시 수성구 들안로64길 23 ,35.8587227,128.6191354
156,수성구,대자연약국,대구광역시 수성구 파동로 120 ,35.8169066,128.6138199
157,수성구,수정약국,대구광역시 수성구 들안로 376 ,35.8639697,128.6180897
158,수성구,성모약국,대구광역시 수성구 수성로 298,35.8598073,128.6141271
159,수성구,중동약국,대구광역시 수성구 청수로1길 68,35.8429735,128.6087103
160,수성구,청심약국,대구광역시 수성구 수성로41길 12 ,35.8445997,128.6108402
161,수성구,서광약국,대구광역시 수성구 범어로 9 ,35.85064225,128.63754054444053
162,수성구,대한약국,대구광역시 수성구 범안로 81 ,35.818645000000004,128.64675391272726
163,수성구,소망약국,대구광역시 수성구 동대구로 12,35.8497578,128.62597157611694
164,수성구,메디팜삼성약국,대구광역시 수성구 명덕로 377,35.8544319,128.6157626
165,수성구,필약국,대구광역시 수성구 달구벌대로 3117 ,35.8501654,128.6662139
166,수성구,유명약국,대구광역시 수성구 신매로 84 ,35.8299326,128.7060967
167,수성구,우성약국,대구광역시 수성구 수성로 244 ,35.8598073,128.6141271
168,수성구,홍조당약국,대구광역시 수성구 시지로 55,35.8410499,128.694717
169,수성구,세왕약국,대구광역시 수성구 명덕로 382 ,35.8544319,128.6157626
170,수성구,지영약국,대구광역시 수성구 범어로 62 ,35.85490005,128.63570672067087
171,수성구,지산경북약국,대구광역시 수성구 용학로 208 ,35.8238747,128.6215693
172,수성구,열린약국,대구광역시 수성구 지범로 113 ,35.8224283,128.6376842
173,수성구,정민약국,대구광역시 수성구 지범로 181,35.8224283,128.6376842
174,수성구,대원약국,대구광역시 수성구 달구벌대로 3229 ,35.8501654,128.6662139
175,수성구,리빙약국,대구광역시 수성구 지범로 188 ,35.8224283,128.6376842
176,수성구,그린약국,대구광역시 수성구 지범로 103 ,35.81978485,128.6425084836742
177,수성구,초록숲약국,대구광역시 수성구 지범로 252 ,35.8224283,128.6376842
178,수성구,파동약국,대구광역시 수성구 파동로 250 ,35.8169066,128.6138199
179,수성구,늘푸른약국,대구광역시 수성구 명덕로 368 ,35.8544319,128.6157626
180,수성구,성지약국,대구광역시 수성구 달구벌대로 2288 ,35.8501654,128.6662139
181,수성구,동방약국,대구광역시 수성구 용학로 228 ,35.8238747,128.6215693
182,수성구,미진약국,대구광역시 수성구 달구벌대로 2401 ,35.8501654,128.6662139
183,수성구,남명마음약국,대구광역시 수성구 상화로 39 ,35.8356293,128.6149401
184,수성구,스마일약국,대구광역시 수성구 달구벌대로 2297 ,35.8501654,128.6662139
185,수성구,늘사랑약국,대구광역시 수성구 달구벌대로 2295 ,35.8501654,128.6662139
186,수성구,신종합약국,대구광역시 수성구 달구벌대로 2514 ,35.85850235,128.6375782771352
187,수성구,한누리약국,대구광역시 수성구 지범로 174 ,35.8224283,128.6376842
188,수성구,차약국,대구광역시 수성구 동원로 100 ,35.8686084,128.6414015091077
189,수성구,인제약국,대구광역시 수성구 청수로 27-5 ,35.840027,128.6213756
190,수성구,오성온누리약국,대구광역시 수성구 용학로 174 ,35.8238747,128.6215693
191,수성구,진약국,대구광역시 수성구 상화로 125 ,35.8356293,128.6149401
192,수성구,맘&키즈약국,대구광역시 수성구 수성로 202 ,35.8598073,128.6141271
193,수성구,석약국,대구광역시 수성구 동대구로55길 5-6 ,35.8552981,128.6246372
194,수성구,장수약국,대구광역시 수성구 달구벌대로 3205 ,35.8501654,128.6662139
195,수성구,강남약국,대구광역시 수성구 수성로 412,35.861787,128.6162016
196,수성구,모아약국,대구광역시 수성구 지범로 181,35.8224283,128.6376842
197,수성구,한마음약국,대구광역시 수성구 명덕로 368,35.8544319,128.6157626
198,수성구,메디빌약국,대구광역시 수성구 달구벌대로 3204 ,35.8501654,128.6662139
199,수성구,온푸른약국,대구광역시 수성구 화랑로 98 ,35.8763449,128.6540857
200,수성구,태영약국,대구광역시 수성구 화랑로 50 ,35.8763449,128.6540857
201,수성구,그랜드약국,대구광역시 수성구 달구벌대로 2398 ,35.8501654,128.6662139
202,수성구,해맑은약국,대구광역시 수성구 명덕로 385 ,35.8544319,128.6157626
203,수성구,정인약국,대구광역시 수성구 달구벌대로 3177 ,35.8501654,128.6662139
204,수성구,메디칼약국,대구광역시 수성구 동대구로 330,35.859716750000004,128.62739390000002
205,수성구,합동약국,대구광역시 수성구 청수로4길 1 ,35.8389152,128.6099274
206,수성구,드림약국,대구광역시 수성구 달구벌대로 2395 ,35.8501654,128.6662139
207,수성구,새삼성약국,대구광역시 수성구 범어로 113 ,35.8568902,128.6358244
208,수성구,유정온누리약국,대구광역시 수성구 청수로 200 ,35.8389754,128.6297627
209,수성구,사과나무약국,대구광역시 수성구 교학로11길 46,35.84972525,128.65369965142574
210,수성구,유빈약국,대구광역시 수성구 지범로 204 ,35.8224283,128.6376842
211,수성구,안심약국,대구광역시 수성구 달구벌대로 2498 ,35.858456399999994,128.63590557489687
212,수성구,대우메디슨약국,대구광역시 수성구 상화로 138 ,35.8356293,128.6149401
213,수성구,동아약국,대구광역시 수성구 지범로 59 ,35.8224283,128.6376842
214,수성구,솔약국,대구광역시 수성구 달구벌대로 2365 ,35.8501654,128.6662139
215,수성구,영광약국,대구광역시 수성구 달구벌대로 2296 ,35.8501654,128.6662139
216,수성구,플러스온누리약국,대구광역시 수성구 달구벌대로 2319 ,35.8501654,128.6662139
217,수성구,담티약국,대구광역시 수성구 달구벌대로 2670 ,35.854710600000004,128.6533220711994
218,수성구,사랑의약국,대구광역시 수성구 무열로 5 ,35.87145,128.64825
219,수성구,광림약국,대구광역시 수성구 범어로 180 ,35.8568902,128.6358244
220,수성구,건강한약국,대구광역시 수성구 달구벌대로 3209 ,35.8501654,128.6662139
221,수성구,새대종약국,대구광역시 수성구 지범로 105 ,35.8224283,128.6376842
222,수성구,가까운약국,대구광역시 수성구 달구벌대로 2346-2 ,35.8501654,128.6662139
223,수성구,범어삼성약국,대구광역시 수성구 동대구로 300,35.856926400000006,128.62678062420636
224,수성구,튼튼약국,대구광역시 수성구 청수로 213,35.839943649999995,128.6298243705406
225,수성구,시지제일약국,대구광역시 수성구 달구벌대로 3245,35.8501654,128.6662139
226,수성구,한빛약국,대구광역시 수성구 달구벌대로 2435,35.85986865,128.62842412230123
227,수성구,황금약국,대구광역시 수성구 청수로35길 135 ,35.8425522,128.63436585
228,수성구,새봄약국,대구광역시 수성구 달구벌대로 2512 ,35.8584582,128.6373848427986
229,수성구,편한약국,대구광역시 수성구 동대구로 337,35.8419697,128.6245365
230,수성구,이화약국,대구광역시 수성구 동대구로 11 ,35.831399399999995,128.6227896139403
231,수성구,다정약국,대구광역시 수성구 달구벌대로 3218 ,35.8501654,128.6662139
232,수성구,소망약국,대구광역시 수성구 동대구로 12 ,35.8497578,128.62597157611694
233,수성구,샘물약국,대구광역시 수성구 국채보상로 830,35.8661571,128.639158
234,수성구,나을약국,대구광역시 수성구 달구벌대로 2580 ,35.8585803,128.64494463429543
235,수성구,지산동산약국,대구광역시 수성구 용학로 212,35.8238747,128.6215693
236,수성구,사랑온누리약국,대구광역시 수성구 욱수천로 133 ,35.8394516,128.714338
237,수성구,진온누리약국,대구광역시 수성구 지범로 107 ,35.8224283,128.6376842
238,수성구,한사랑약국,대구광역시 수성구 청호로 496 ,35.85838715,128.64613786203432
239,수성구,맑은샘약국,대구광역시 수성구 청수로 186 ,35.8387438,128.628441
240,수성구,수성현약국,대구광역시 수성구 명덕로 432,35.8544319,128.6157626
241,수성구,늘 건강한 약국,대구광역시 수성구 용학로 204 ,35.8238747,128.6215693
242,수성구,시지연합약국,대구광역시 수성구 달구벌대로 3210 ,35.8501654,128.6662139
243,수성구,남광약국,대구광역시 수성구 달구벌대로 3169 ,35.8501654,128.6662139
244,수성구,누리약국,대구광역시 수성구 명덕로 424 ,35.8544319,128.6157626
245,수성구,심야약국,대구광역시 수성구 희망로 175,35.8462909,128.6229939
246,수성구,아주약국,대구광역시 수성구 지범로 182 ,35.8224283,128.6376842
247,수성구,지산플러스약국,대구광역시 수성구 용학로 277,35.8238747,128.6215693
248,수성구,참약국,대구광역시 수성구 화랑로 66 ,35.8763449,128.6540857
249,수성구,시지우리약국,대구광역시 수성구 고산로 50,35.83554,128.70414
250,수성구,일등약국,대구광역시 수성구 들안로 274 ,35.8639697,128.6180897
251,수성구,중동제일약국,대구광역시 수성구 청수로 23 ,35.840027,128.6213756
252,수성구,정동약국,대구광역시 수성구 청수로 213,35.839943649999995,128.6298243705406
253,수성구,하나약국,대구광역시 수성구 달구벌대로 2570,35.85842145,128.64412215333573
254,수성구,메디팜프라자약국,대구광역시 수성구 달구벌대로 2598,35.8582294,128.64661529358324
255,수성구,팜플러스약국,대구광역시 수성구 동대구로 95 ,35.837896,128.62268196267547
256,수성구,봄약국,대구광역시 수성구 동대구로 311,35.8594722,128.6261407
257,수성구,참사랑약국,대구광역시 수성구 들안로 262 ,35.8639697,128.6180897
258,수성구,성산약국,대구광역시 수성구 청수로 188-1,35.838736499999996,128.62873132203333
259,수성구,뉴덕산약국,대구광역시 수성구 명덕로 425 ,35.8544319,128.6157626
260,수성구,해바라기약국,대구광역시 수성구 청수로 156,35.840027,128.6213756
261,수성구,라엘약국,대구광역시 수성구 동대구로 312 ,35.858200249999996,128.6268702220238
262,수성구,수성우리약국,대구광역시 수성구 화랑로 76 ,35.8763449,128.6540857
263,수성구,제일약국,대구광역시 수성구 달구벌대로 3121 ,35.8501654,128.6662139
264,수성구,고산연합약국,대구광역시 수성구 달구벌대로 3099 ,35.8501654,128.6662139
265,수성구,새국민약국,대구광역시 수성구 화랑로 68 ,35.8763449,128.6540857
266,수성구,정성약국,대구광역시 수성구 달구벌대로 3224 ,35.8501654,128.6662139
267,수성구,황금효약국,대구광역시 수성구 동대구로29길 28 ,35.8423214,128.6231122
268,수성구,다정온누리약국,대구광역시 수성구 달구벌대로 2280 ,35.8501654,128.6662139
269,수성구,다나약국,대구광역시 수성구 달구벌대로 2333 ,35.8501654,128.6662139
270,수성구,메디팜 샘결약국,대구광역시 수성구 지범로 190 ,35.8224283,128.6376842
271,수성구,수성굿모닝약국,대구광역시 수성구 범어천로 186,35.8501834,128.6233552
272,수성구,파동사랑약국,대구광역시 수성구 파동로 108 ,35.8169066,128.6138199
273,수성구,메타약국,대구광역시 수성구 달구벌대로 2421,35.8594571,128.62760869554418
274,수성구,미소온누리약국,대구광역시 수성구 지범로 188 ,35.8224283,128.6376842
275,수성구,센타약국,대구광역시 수성구 화랑로 122,35.8763449,128.6540857
276,수성구,성모약국,대구광역시 수성구 수성로 298 ,35.8598073,128.6141271
277,수성구,요한약국,대구광역시 수성구 달구벌대로 3294,35.8364668,128.71593408828804
278,수성구,성모후문약국,대구광역시 수성구 고산로 104-4 ,35.83554,128.70414
279,수성구,시지광장약국,대구광역시 수성구 달구벌대로 3196 ,35.8501654,128.6662139
280,수성구,연합약국,대구광역시 수성구 달구벌대로 2372,35.8501654,128.6662139
281,수성구,지산제일약국,대구광역시 수성구 지범로 183 ,35.8224283,128.6376842
282,수성구,맘약국,대구광역시 수성구 달구벌대로 3188 ,35.8501654,128.6662139
283,수성구,로사약국,대구광역시 수성구 동대구로 397,35.8419697,128.6245365
284,수성구,보배약국,대구광역시 수성구 동대구로 203 ,35.8419697,128.6245365
285,수성구,범어약국,대구광역시 수성구 달구벌대로 2504 ,35.858515,128.63652935006212
286,수성구,시지프라자약국,대구광역시 수성구 달구벌대로 3207 ,35.8501654,128.6662139
287,수성구,수성솔약국,대구광역시 수성구 명덕로 455,35.8544319,128.6157626
288,수성구,동창약국,대구광역시 수성구 수성로 227 ,35.8598073,128.6141271
289,수성구,레몬약국,대구광역시 수성구 수성로 197,35.8431278,128.6121958
290,수성구,만촌늘푸른약국,대구광역시 수성구 화랑로 56,35.8763449,128.6540857
291,수성구,한성약국,대구광역시 수성구 동대구로 329,35.8419697,128.6245365
292,수성구,광명약국,대구광역시 수성구 들안로 395-1,35.8639697,128.6180897
293,수성구,아크로약국,대구광역시 수성구 달구벌대로 2570,35.85842145,128.64412215333573
294,수성구,NOON약국,대구광역시 수성구 달구벌대로 2397,35.8501654,128.6662139
295,수성구,행복한약국,대구광역시 수성구 청수로 235,35.842050150000006,128.63393943610333
296,수성구,팔공약국,대구광역시 수성구 지범로 161,35.8224283,128.6376842
297,수성구,도움약국,대구광역시 수성구 청수로 15,35.840027,128.6213756
298,수성구,지산목련약국,대구광역시 수성구 용학로30길 115,35.8220899,128.6273911
299,수성구,한영약국,대구광역시 수성구 청수로 133,35.840027,128.6213756
300,수성구,푸른약국,대구광역시 수성구 달구벌대로 2583,35.8592526,128.6453128
301,수성구,새안심약국,대구광역시 수성구 청수로 97 ,35.840027,128.6213756
302,수성구,사랑365약국,대구광역시 수성구 달구벌대로 3316 ,35.8501654,128.6662139
303,수성구,킴스약국,대구광역시 수성구 동대구로 278,35.8551702,128.62596529642425
304,수성구,한결약국,대구광역시 수성구 명덕로 406,35.8544319,128.6157626
305,수성구,우송약국,대구광역시 수성구 달구벌대로 2420 ,35.858356,128.627284
306,수성구,만촌데일리약국,대구광역시 수성구 동원로 136,35.869173,128.6402939
307,수성구,애니약국,대구광역시 수성구 달구벌대로 2491,35.8501654,128.6662139
308,수성구,범어현약국,대구광역시 수성구 청호로 438,35.855539,128.64138477739817
309,수성구,행복이가득한약국,대구광역시 수성구 국채보상로 1032,35.8661571,128.639158
310,수성구,시지강남약국,대구광역시 수성구 알파시티2로 23,35.8399661,128.6924262
311,수성구,두배약국,대구광역시 수성구 수성로 329 ,35.8598073,128.6141271
312,수성구,시안약국,대구광역시 수성구 시지로3길 66-10 ,35.8410006,128.6952293
313,수성구,바른약국,대구광역시 수성구 달구벌대로 3083,35.8501654,128.6662139
314,수성구,수성중앙약국,대구광역시 수성구 지범로 202,35.8180655,128.6446289
315,수성구,동인약국,대구광역시 수성구 수성로 268,35.8598073,128.6141271
316,수성구,다온약국,대구광역시 수성구 수성로 206,35.8598073,128.6141271
317,수성구,행복한용지약국,대구광역시 수성구 범안로 62 ,35.8263234,128.663665
318,수성구,굿모닝약국,대구광역시 수성구 명덕로 368 ,35.8544319,128.6157626
319,수성구,대구종합약국,대구광역시 수성구 수성로 215 ,35.8598073,128.6141271
320,수성구,고운약국,대구광역시 수성구 명덕로 441 ,35.8544319,128.6157626
321,수성구,토마토온누리약국,대구광역시 수성구 지산로 71 ,35.8274038,128.633894
322,수성구,수성제일약국,대구광역시 수성구 수성로 105 ,35.830333949999996,128.61025680864185
323,수성구,정성온누리약국,대구광역시 수성구 달구벌대로 2492,35.85843615,128.63517822719274
324,수성구,자연약국,대구광역시 수성구 지범로40길 6,35.8194236,128.6413341
325,수성구,보윤약국,대구광역시 수성구 범안로 70,35.8263234,128.663665
326,수성구,세계약국,대구광역시 수성구 달구벌대로 2331,35.8501654,128.6662139
327,수성구,약손약국,대구광역시 수성구 교학로 12 ,35.8473057,128.6496641
328,수성구,벨약국,대구광역시 수성구 동대구로 111,35.8401782,128.6235296
329,수성구,세명약국,대구광역시 수성구 수성로 335 ,35.8598073,128.6141271
330,수성구,수성하나약국,대구광역시 수성구 수성로69길 65,35.8554939,128.6130273
331,수성구,쉼터약국,대구광역시 수성구 달구벌대로641길 27 ,35.8414946,128.7089588
332,수성구,수약국,대구광역시 수성구 국채보상로 800,35.8661571,128.639158
333,수성구,라온약국,대구광역시 수성구 범안로 54,35.8263234,128.663665
334,수성구,수성바른약국,대구광역시 수성구 청수로 178,35.838782050000006,128.62756485385756
335,수성구,제니스로뎀약국,대구광역시 수성구 달구벌대로 2435,35.85986865,128.62842412230123
336,수성구,하늘약국,대구광역시 수성구 청수로 235,35.842050150000006,128.63393943610333
337,수성구,서정약국,대구광역시 수성구 알파시티2로 29,35.8365543,128.6958073
338,수성구,밝은온누리약국,대구광역시 수성구 명덕로 422,35.8542158,128.6171196
339,수성구,소담약국,대구광역시 수성구 동대구로 346,35.8419697,128.6245365
340,수성구,애플약국,대구광역시 수성구 희망로 229,35.8462909,128.6229939
341,수성구,사월봄약국,대구광역시 수성구 달구벌대로651길 22,35.839743,128.7141932
342,수성구,스타약국,대구광역시 수성구 수성로 218,35.8598073,128.6141271
343,수성구,문전약국,대구광역시 수성구 수성로38길 23 ,35.8449146,128.6147125
344,수성구,에스메디약국,대구광역시 수성구 교학로 48,35.8473057,128.6496641
345,수성구,나은약국,대구광역시 수성구 명덕로 438,35.8544319,128.6157626
346,수성구,비타민약국,대구광역시 수성구 달구벌대로 3261,35.8501654,128.6662139
347,수성구,범어로타리약국,대구광역시 수성구 달구벌대로 2403,35.8501654,128.6662139
348,수성구,수성미르약국,대구광역시 수성구 명덕로 414,35.8544319,128.6157626
349,수성구,바나나약국,대구광역시 수성구 달구벌대로 3134,35.8501654,128.6662139
350,수성구,이음약국,대구광역시 수성구 수성로 353,35.8598073,128.6141271
351,수성구,서주약국,대구광역시 수성구 용학로 234,35.8238747,128.6215693
352,수성구,제이제이약국,대구광역시 수성구 달구벌대로 2557-1,35.8501654,128.6662139
353,수성구,다나을약국,대구광역시 수성구 범안로 58,35.8263234,128.663665
354,수성구,대영약국,대구광역시 수성구 달구벌대로 2435,35.85986865,128.62842412230123
355,수성구,류약국,대구광역시 수성구 화랑로 46,35.8763449,128.6540857
356,수성구,가비약국,대구광역시 수성구 동대구로 86,35.837808949999996,128.6245159
357,수성구,아름약국,대구광역시 수성구 달구벌대로 2606,35.857657200000006,128.64715778791282
358,수성구,중동우리약국,대구광역시 수성구 청수로 29,35.840027,128.6213756
359,수성구,손&주약국,대구광역시 수성구 명덕로 408,35.8544319,128.6157626
360,수성구,시지레몬약국,대구광역시 수성구 달구벌대로 3302,35.8501654,128.6662139
361,수성구,햇살약국,대구광역시 수성구 달구벌대로 2362,35.8501654,128.6662139
362,수성구,셀메드류약국,대구광역시 수성구 지범로 199,35.8224283,128.6376842
363,수성구,엔타워약국,대구광역시 수성구 상록로 5,35.8624759,128.6232812
364,수성구,수성온유약국,대구광역시 수성구 명덕로 404,35.8544319,128.6157626
365,수성구,만촌온누리약국,대구광역시 수성구 달구벌대로 2570,35.85842145,128.64412215333573
366,수성구,온누리안일약국,대구광역시 수성구 달구벌대로 2435,35.85986865,128.62842412230123
367,수성구,용암약국,대구광역시 수성구 청수로 59-1,35.840027,128.6213756
368,수성구,온힘약국,대구광역시 수성구 수성로 180,35.8598073,128.6141271
369,서구,봉산약국,대구광역시 서구 북비산로74길 8-1 ,35.8778875,128.575405
370,서구,세일약국,대구광역시 서구 달서천로41길 66-4 ,35.886571,128.5605933
371,서구,경명약국,대구광역시 서구 달서천로49길 15 ,35.886571,128.5605933
372,서구,희온누리약국,대구광역시 서구 평리로 236,35.8588072,128.5314799
373,서구,보성약국,대구광역시 서구 북비산로74길 46 ,35.8778875,128.575405
374,서구,천우당약국,대구광역시 서구 달서로 76 ,35.8825567,128.5726421
375,서구,동화약국,대구광역시 서구 평리로55길 17 ,35.8663798,128.5535233
376,서구,우성약국,대구광역시 서구 북비산로 343 ,35.8783823,128.5346037
377,서구,건강당약국,대구광역시 서구 문화로 300-1 ,35.8745978,128.5524029
378,서구,유창약국,대구광역시 서구 서대구로 304 ,35.8800042,128.554914
379,서구,극동약국,대구광역시 서구 북비산로 160 ,35.8783823,128.5346037
380,서구,메디팜 서진약국,대구광역시 서구 문화로 197 ,35.8745978,128.5524029
381,서구,수정약국,대구광역시 서구 북비산로 244,35.8783823,128.5346037
382,서구,달성약국,대구광역시 서구 북비산로74길 41 ,35.8778875,128.575405
383,서구,대양약국,대구광역시 서구 통학로 86-1 ,35.8669281,128.5636153
384,서구,부광약국,대구광역시 서구 서대구로 66,35.8800042,128.554914
385,서구,원고개약국,대구광역시 서구 통학로48길 44 ,35.8812074,128.5663999
386,서구,새솔밭약국,대구광역시 서구 달구벌대로329길 79 ,35.8583569,128.5444101
387,서구,서약국,대구광역시 서구 국채보상로46길 57 ,35.8643963,128.5574769
388,서구,동남약국,대구광역시 서구 통학로 27 ,35.8669281,128.5636153
389,서구,경성약국,대구광역시 서구 달구벌대로375길 1 ,35.8630803,128.5706147
390,서구,수영약국,대구광역시 서구 달서로 184-1 ,35.8738576,128.5717074
391,서구,한독약국,대구광역시 서구 달구벌대로 1733 ,35.8583249,128.5585423
392,서구,한가족약국,대구광역시 서구 달서로 159 ,35.8738576,128.5717074
393,서구,메디칼 후문약국,대구광역시 서구 평리로33길 12 ,35.859982349999996,128.5415682100925
394,서구,천일약국,대구광역시 서구 서대구로 188 ,35.8800042,128.554914
395,서구,온누리 광명약국,대구광역시 서구 문화로 196 ,35.8745978,128.5524029
396,서구,제일약국,대구광역시 서구 원대로 55 ,35.8797292,128.5800704
397,서구,아진약국,대구광역시 서구 달구벌대로 1875 ,35.8583249,128.5585423
398,서구,뉴 서대구약국,대구광역시 서구 북비산로 347 ,35.879448,128.554308
399,서구,혜인약국,대구광역시 서구 서대구로62길 66 ,35.8858635,128.5617463
400,서구,북비산약국,대구광역시 서구 달서로 201 ,35.8738576,128.5717074
401,서구,윤약국,대구광역시 서구 달구벌대로 1805 ,35.8583249,128.5585423
402,서구,광장약국,대구광역시 서구 서대구로 58 ,35.8800042,128.554914
403,서구,대지약국,대구광역시 서구 서대구로62길 47 ,35.8858635,128.5617463
404,서구,새현약국,대구광역시 서구 달서로 191 ,35.8825567,128.5726421
405,서구,우리약국,대구광역시 서구 서대구로62길 3 ,35.8858635,128.5617463
406,서구,하늘온누리약국,대구광역시 서구 달서로 118 ,35.8738576,128.5717074
407,서구,하나약국,대구광역시 서구 달서로 188 ,35.8738576,128.5717074
408,서구,신세계약국,대구광역시 서구 큰장로 129 ,35.868758,128.5775122
409,서구,수약국,대구광역시 서구 달서로 120 ,35.8738576,128.5717074
410,서구,명성약국,대구광역시 서구 달구벌대로 1867 ,35.8583249,128.5585423
411,서구,평리약국,대구광역시 서구 문화로49길 31 ,35.8760518,128.55927
412,서구,추계약국,대구광역시 서구 달서로 260 ,35.8738576,128.5717074
413,서구,늘푸른약국,대구광역시 서구 통학로 54 ,35.8669281,128.5636153
414,서구,유한약국,대구광역시 서구 국채보상로 266 ,35.8689204,128.5465659
415,서구,바른약국,대구광역시 서구 달구벌대로 1729-1 ,35.8583249,128.5585423
416,서구,국도약국,대구광역시 서구 평리로29길 10 ,35.859805699999995,128.5398657044701
417,서구,한사랑약국,대구광역시 서구 평리로 150 ,35.8615412,128.5470711
418,서구,메디팜 은화약국,대구광역시 서구 달구벌대로 1885 ,35.8583249,128.5585423
419,서구,효성약국,대구광역시 서구 달서천로57길 56,35.8869685,128.5642989
420,서구,미래약국,대구광역시 서구 국채보상로 157 ,35.8689204,128.5465659
421,서구,서남시장약국,대구광역시 서구 평리로 156 ,35.8615412,128.5470711
422,서구,명일약국,대구광역시 서구 달서로 270 ,35.8738576,128.5717074
423,서구,동원약국,대구광역시 서구 국채보상로 300 ,35.8689204,128.5465659
424,서구,참조은약국,대구광역시 서구 국채보상로50길 20,35.8677249,128.5597179
425,서구,메디팜군위약국,대구광역시 서구 북비산로61길 2 ,35.8799475,128.5670882
426,서구,튼튼한약국,대구광역시 서구 달구벌대로 1807 ,35.8583249,128.5585423
427,서구,행복약국,대구광역시 서구 국채보상로 316,35.8698921,128.5490017
428,서구,소담약국,대구광역시 서구 달서로 66 ,35.8738576,128.5717074
429,서구,온누리소화약국,대구광역시 서구 국채보상로 316,35.8698921,128.5490017
430,서구,유명약국,대구광역시 서구 평리로 245 ,35.8615412,128.5470711
431,서구,해오름약국,대구광역시 서구 평리로 243,35.8588072,128.5314799
432,서구,튼튼약국,대구광역시 서구 국채보상로 354 ,35.8689204,128.5465659
433,서구,보건약국,대구광역시 서구 평리로 158 ,35.8615412,128.5470711
434,서구,플러스약국,대구광역시 서구 달구벌대로 1691,35.8583249,128.5585423
435,서구,대덕팜약국,대구광역시 서구 국채보상로 360 ,35.8689204,128.5465659
436,서구,킴스약국,대구광역시 서구 팔달로 154 ,35.8896655,128.5616498
437,서구,대경약국,대구광역시 서구 큰장로 133 ,35.86666,128.5754
438,서구,신성약국,대구광역시 서구 북비산로 233 ,35.8783823,128.5346037
439,서구,시원약국,대구광역시 서구 국채보상로 248 ,35.8698921,128.5490017
440,서구,열린온누리약국,대구광역시 서구 평리로 144 ,35.8615412,128.5470711
441,서구,세송약국,대구광역시 서구 팔달로 164 ,35.8896655,128.5616498
442,서구,메디칼현대약국,대구광역시 서구 팔달로 162 ,35.8896655,128.5616498
443,서구,경북약국,대구광역시 서구 큰장로 131 ,35.86666,128.5754
444,서구,새 달성약국,대구광역시 서구 고성로 135 ,35.8823229,128.5779715
445,서구,나은약국,대구광역시 서구 달서로 127-2 ,35.8738576,128.5717074
446,서구,신평리약국,대구광역시 서구 서대구로 138 ,35.8800042,128.554914
447,서구,청암약국,대구광역시 서구 국채보상로 151 ,35.8689204,128.5465659
448,서구,한솔약국,대구광역시 서구 국채보상로 438 ,35.8698921,128.5490017
449,서구,참한양약국,대구광역시 서구 서대구로 74 ,35.8800042,128.554914
450,서구,샘물약국,대구광역시 서구 북비산로 360,35.8783823,128.5346037
451,서구,최약국,대구광역시 서구 문화로 241-1,35.8745978,128.5524029
452,서구,메디팜 보령약국,대구광역시 서구 국채보상로 429,35.8689204,128.5465659
453,서구,새솔약국,대구광역시 서구 국채보상로 379,35.8689204,128.5465659
454,서구,평리제일약국,대구광역시 서구 서대구로 192,35.8800042,128.554914
455,서구,백세약국,대구광역시 서구 국채보상로 198 ,35.8689204,128.5465659
456,서구,서대구약국,대구광역시 서구 국채보상로 202 ,35.8689204,128.5465659
457,서구,진약국,대구광역시 서구 달서로 62 ,35.8738576,128.5717074
458,서구,온약국,대구광역시 서구 문화로 282,35.8745978,128.5524029
459,서구,라온약국,대구광역시 서구 팔달로 188,35.8896655,128.5616498
460,서구,비타약국,대구광역시 서구 국채보상로 258 ,35.8689204,128.5465659
461,서구,새대구약국,대구광역시 서구 큰장로 131 ,35.86666,128.5754
462,서구,다온약국,대구광역시 서구 국채보상로 262,35.8689204,128.5465659
463,서구,가람약국,대구광역시 서구 팔달로 54,35.8896655,128.5616498
464,서구,행운약국,대구광역시 서구 팔달로 176,35.8896655,128.5616498
465,서구,메디슨약국,대구광역시 서구 통학로17길 25,35.8680873,128.5629708
466,서구,영남약국,대구광역시 서구 국채보상로 246-1,35.8689204,128.5465659
467,서구,다정약국,대구광역시 서구 달구벌대로 1771,35.8583249,128.5585423
468,서구,라라약국,대구광역시 서구 원대로 33,35.8797292,128.5800704
469,서구,중리효성약국,대구광역시 서구 국채보상로 147,35.8689204,128.5465659
470,서구,이노약국,대구광역시 서구 달서로 187,35.8738576,128.5717074
471,서구,사랑약국,대구광역시 서구 북비산로 355 ,35.8783823,128.5346037
472,서구,명문약국,대구광역시 서구 달구벌대로361길 1,35.8619099,128.561176
473,서구,남광약국,대구광역시 서구 팔달로 152,35.8896655,128.5616498
474,서구,홍약국,대구광역시 서구 국채보상로 294,35.8689204,128.5465659
475,서구,오늘약국,대구광역시 서구 국채보상로 223,35.8689204,128.5465659
476,서구,소명약국,대구광역시 서구 문화로 230,35.8745978,128.5524029
477,서구,스마트약국,대구광역시 서구 달구벌대로 1691,35.8583249,128.5585423
478,북구,힐링약국,대구광역시 북구 한강로6길 14-1,35.8962562,128.5155237
479,북구,희약국,대구광역시 북구 한강로4길 9,35.8963512,128.5142589
480,북구,희망약국,대구광역시 북구 태전로1길 26,35.9203004,128.5442928
481,북구,후문약국,대구광역시 북구 호국로 807-9,35.9461742,128.5739913
482,북구,효성약국,대구광역시 북구 칠곡중앙대로 537,35.9199402,128.5466535
483,북구,효민약국,대구광역시 북구 태전로 3,35.9298032,128.5354648
484,북구,화인탑약국,대구광역시 북구 옥산로 95,35.8840204,128.5871366
485,북구,화성센트럴약국,대구광역시 북구 대천로 100,35.9394128,128.5503425
486,북구,홍익약국,대구광역시 북구 학정로 50 ,35.9334854,128.561837
487,북구,혜인약국,대구광역시 북구 산격로 50,35.8974293,128.6064018
488,북구,형우당약국,대구광역시 북구 팔달로 189,35.8897805,128.5619394
489,북구,현대약국,대구광역시 북구 대현로 99 ,35.8862833,128.6022095
490,북구,행복한약국,대구광역시 북구 침산남로 155,35.8864111,128.600179
491,북구,해오름약국,대구광역시 북구 중앙대로 528,35.8800121,128.5961509
492,북구,해민약국,대구광역시 북구 대천로 88,35.9394128,128.5503425
493,북구,해맑은약국,대구광역시 북구 학정로 431,35.9334854,128.561837
494,북구,해뜨는 약국,대구광역시 북구 동천로 121,35.942326449999996,128.56031955229037
495,북구,한우리약국,대구광역시 북구 침산로 144,35.8881839,128.591649
496,북구,한양온누리약국,대구광역시 북구 구암로 17,35.93246,128.5499512
497,북구,한솔약국,대구광역시 북구 칠곡중앙대로 428 ,35.9199402,128.5466535
498,북구,한성약국,대구광역시 북구 칠곡중앙대로 461 ,35.9199402,128.5466535
499,북구,한국약국,대구광역시 북구 칠성시장로 26,35.8822732,128.599903
500,북구,하약국,대구광역시 북구 검단로 114,35.9089863,128.6229263
501,북구,하늘약국,대구광역시 북구 구리로34길 49 ,35.9466459,128.5755663
502,북구,하나온누리약국,대구광역시 북구 동북로 163,35.9022757,128.6008596
503,북구,플러스약국,대구광역시 북구 칠성로 59,35.8794932,128.5960168
504,북구,프라자약국,대구광역시 북구 칠성남로 226-2 ,35.879229,128.5870293
505,북구,프라임약국,대구광역시 북구 침산로 138 ,35.8833628,128.5901384
506,북구,푸른동변약국,대구광역시 북구 동변로 91,35.9215477,128.6013061
507,북구,편한약국,대구광역시 북구 원대로 42 ,35.8824121,128.5810734
508,북구,편안약국,대구광역시 북구 칠곡중앙대로 393,35.9199402,128.5466535
509,북구,팔달온누리약국,대구광역시 북구 팔달로 163,35.8886112,128.5737552
510,북구,팔공약국,대구광역시 북구 구암로 137,35.93246,128.5499512
511,북구,튼튼약국,대구광역시 북구 학정로106길 10,35.951796,128.5676429
512,북구,태전제일약국,대구광역시 북구 칠곡중앙대로 302 ,35.94698,128.55138
513,북구,태약국,대구광역시 북구 학정로 439,35.9334854,128.561837
514,북구,침산제일약국,대구광역시 북구 침산로 128 ,35.8833628,128.5901384
515,북구,침산열린약국,대구광역시 북구 침산남로 138,35.8864111,128.600179
516,북구,침산미소약국,대구광역시 북구 침산로 168,35.8833628,128.5901384
517,북구,칠성약국,대구광역시 북구 칠성시장로 10,35.8822732,128.599903
518,북구,칠곡푸른약국,대구광역시 북구 칠곡중앙대로 427,35.9199402,128.5466535
519,북구,칠곡종합약국,대구광역시 북구 구암로15길 29 ,35.9357384,128.5498234
520,북구,칠곡제일약국,대구광역시 북구 칠곡중앙대로 394 ,35.94698,128.55138
521,북구,칠곡우리약국,대구광역시 북구 동암로 6 ,35.9469843,128.5517826
522,북구,칠곡사랑약국,대구광역시 북구 대천로 94 ,35.9394128,128.5503425
523,북구,칠곡별약국,대구광역시 북구 팔거천동로 222,35.9435658,128.55857989488922
524,북구,칠곡두산약국,대구광역시 북구 호국로 807-15 ,35.9228396,128.5994399
525,북구,칠곡동아약국,대구광역시 북구 구암로15길 8,35.9357384,128.5498234
526,북구,칠곡대학약국,대구광역시 북구 구암로15길 26 ,35.9357384,128.5498234
527,북구,칠곡경북약국,대구광역시 북구 칠곡중앙대로 386-1 ,35.9199402,128.5466535
528,북구,칠곡강남약국,대구광역시 북구 칠곡중앙대로 385-1,35.9199402,128.5466535
529,북구,초록약국,대구광역시 북구 학정로 416,35.9417296,128.56377247254932
530,북구,체리약국,대구광역시 북구 복현로 50,35.8943994,128.6239908
531,북구,참조은약국,대구광역시 북구 연암로 184,35.8904113,128.5994729
532,북구,참약국,대구광역시 북구 학정로 429,35.9334854,128.561837
533,북구,참사랑약국,대구광역시 북구 연암로 135-2,35.8985224,128.5958049
534,북구,참대학약국,대구광역시 북구 팔거천동로 388,35.9395092,128.558147
535,북구,진약국,대구광역시 북구 동천로23길 30-23,35.9427353,128.5587767
536,북구,즐거운약국,대구광역시 북구 팔달로 149,35.8897805,128.5619394
537,북구,종합약국,대구광역시 북구 연암로 172 ,35.8904113,128.5994729
538,북구,조은약국,대구광역시 북구 팔달로 225 ,35.8886112,128.5737552
539,북구,정은약국,대구광역시 북구 칠곡중앙대로 223,35.9199402,128.5466535
540,북구,정약국,대구광역시 북구 칠성남로36길 6,35.8756168,128.5997069
541,북구,정약국,대구광역시 북구 침산남로19길 2,35.89046,128.5869
542,북구,정약국,대구광역시 북구 구암로 136,35.93246,128.5499512
543,북구,정성약국,대구광역시 북구 동북로 254,35.8995215,128.6092169
544,북구,장수약국,대구광역시 북구 칠성시장로 14,35.8822732,128.599903
545,북구,인화약국,대구광역시 북구 매전로 14,35.9120849,128.5466215
546,북구,인덕약국,대구광역시 북구 팔거천동로 36,35.9395092,128.558147
547,북구,이베약국,대구광역시 북구 팔거천동로 210,35.94265035,128.55839154458442
548,북구,이백세약국,대구광역시 북구 칠곡중앙대로 411,35.9199402,128.5466535
549,북구,이레약국,대구광역시 북구 복현로 88 ,35.8943994,128.6239908
550,북구,은혜온누리약국,대구광역시 북구 학정로 419,35.9334854,128.561837
551,북구,윤성약국,대구광역시 북구 학정로 415 ,35.9418024,128.5629482577636
552,북구,유한약국,대구광역시 북구 침산남로19길 10,35.89046,128.5869
553,북구,유정약국,대구광역시 북구 학정동로 10,35.9476918,128.5684424
554,북구,유일약국,대구광역시 북구 대학로 143 ,35.8907244,128.6058824
555,북구,유성약국,대구광역시 북구 동북로 311 ,35.8995215,128.6092169
556,북구,우리약국,대구광역시 북구 신암로 27,35.8749335,128.6053692
557,북구,우리들약국,대구광역시 북구 산격로8길 1 ,35.8936503,128.6088796
558,북구,용약국,대구광역시 북구 동북로 168 ,35.8995215,128.6092169
559,북구,옵티마소망약국,대구광역시 북구 팔달로 215-2,35.8886112,128.5737552
560,북구,온누리푸른약국,대구광역시 북구 칠곡중앙대로 504-1,35.94698,128.55138
561,북구,온누리참조은약국,대구광역시 북구 관음중앙로 141-1,35.9454959,128.5465453
562,북구,온누리옥산약국,대구광역시 북구 호암로 30 ,35.8814866,128.593348
563,북구,온누리낙원약국,대구광역시 북구 칠곡중앙대로 497 ,35.9199402,128.5466535
564,북구,오케이한샘약국,대구광역시 북구 칠곡중앙대로 435,35.94698,128.55138
565,북구,오약국,대구광역시 북구 칠곡중앙대로 332,35.9199402,128.5466535
566,북구,오거리약국,대구광역시 북구 동북로 199,35.8995215,128.6092169
567,북구,열린약국,대구광역시 북구 동북로 345,35.9022757,128.6008596
568,북구,연합약국,대구광역시 북구 동북로 170 ,35.8995215,128.6092169
569,북구,연약국,대구광역시 북구 호국로 215,35.9228396,128.5994399
570,북구,연경약국,대구광역시 북구 동화천로 241,35.9415666,128.6215719
571,북구,연경동산약국,대구광역시 북구 연경지묘로 2,35.9422346,128.6148291
572,북구,에이플러스 약국,대구광역시 북구 학정로 427,35.9334854,128.561837
573,북구,약손약국,대구광역시 북구 학정로 38,35.9334854,128.561837
574,북구,안지약국,대구광역시 북구 침산남로 176,35.8864111,128.600179
575,북구,아이맘약국,대구광역시 북구 팔거천동로 217,35.94340165,128.55777144962866
576,북구,신종합약국,대구광역시 북구 영송로 85,35.9299324,128.5444991
577,북구,신세계약국,대구광역시 북구 구암로 135,35.93246,128.5499512
578,북구,신라약국,대구광역시 북구 칠곡중앙대로 205,35.9199402,128.5466535
579,북구,스마일약국,대구광역시 북구 동암로12길 8,35.9453328,128.5554878
580,북구,쉼표약국,대구광역시 북구 동북로 244,35.8995215,128.6092169
581,북구,수화약국,대구광역시 북구 침산남로 140,35.8864111,128.600179
582,북구,수정약국,대구광역시 북구 고성로28길 2 ,35.8809065,128.5813529
583,북구,수약국,대구광역시 북구 태전로 1,35.9298032,128.5354648
584,북구,송림약국,대구광역시 북구 동북로 163,35.9022757,128.6008596
585,북구,손자경약국,대구광역시 북구 동북로 163 ,35.9022757,128.6008596
586,북구,손약국위드팜손약국,대구광역시 북구 호국로 807-45,35.9228396,128.5994399
587,북구,소은약국,대구광역시 북구 대현남로6길 29 ,0.0,0.0
588,북구,소담약국,대구광역시 북구 학정로 440,35.9334854,128.561837
589,북구,세운약국,대구광역시 북구 노원로 22 ,35.8897073,128.5623843
590,북구,세복옵티마약국,대구광역시 북구 대현남로 42,35.8800708,128.6036424
591,북구,세계약국,대구광역시 북구 동북로 198 ,35.8995215,128.6092169
592,북구,세계로약국,대구광역시 북구 칠곡중앙대로 400,35.94698,128.55138
593,북구,성문약국,대구광역시 북구 팔달로 153,35.8886112,128.5737552
594,북구,석약국,대구광역시 북구 동북로 291,35.8995215,128.6092169
595,북구,서울약국,대구광역시 북구 학정로 436,35.9141228,128.5440632
596,북구,서약국,대구광역시 북구 구암로 153,35.93246,128.5499512
597,북구,서변우리약국,대구광역시 북구 호국로 215,35.9228396,128.5994399
598,북구,서변동산약국,대구광역시 북구 호국로 219,35.9461742,128.5739913
599,북구,샘결약국,대구광역시 북구 동북로 160,35.8995215,128.6092169
600,북구,새중앙약국,대구광역시 북구 칠곡중앙대로 299,35.9199402,128.5466535
601,북구,새봄약국,대구광역시 북구 동화천로 245,35.9415666,128.6215719
602,북구,새복현약국,대구광역시 북구 공항로 7,35.8972215,128.6165747
603,북구,새민약국,대구광역시 북구 동북로 162,35.8995215,128.6092169
604,북구,새강북약국,대구광역시 북구 칠곡중앙대로 442,35.9199402,128.5466535
605,북구,산격현대약국,대구광역시 북구 동북로 172 ,35.8995215,128.6092169
606,북구,산격약국,대구광역시 북구 연암로 98-2 ,35.8904113,128.5994729
607,북구,사랑약국,대구광역시 북구 침산남로 23,35.8864111,128.600179
608,북구,북구21세기약국,대구광역시 북구 침산로 93,35.8851936,128.5900826
609,북구,봄약국,대구광역시 북구 칠곡중앙대로 519,35.9199402,128.5466535
610,북구,복현성모약국,대구광역시 북구 동북로 268-1,35.8995215,128.6092169
611,북구,보민약국,대구광역시 북구 침산남로 50,35.8864111,128.600179
612,북구,보건정문약국,대구광역시 북구 팔거천동로 209,35.94273445,128.5576206601782
613,북구,백약국,대구광역시 북구 팔달로 231 ,35.8886112,128.5737552
614,북구,박하약국,대구광역시 북구 대현로 88-1 ,35.8862833,128.6022095
615,북구,박약국,대구광역시 북구 호암로 20,35.8814866,128.593348
616,북구,바로약국,대구광역시 북구 동북로 289,35.893505,128.619609
617,북구,바다약국,대구광역시 북구 칠곡중앙대로 573,35.9199402,128.5466535
618,북구,민들레약국,대구광역시 북구 연암로22길 1,35.8938386,128.5953088
619,북구,미소약국,대구광역시 북구 서변로 97 ,35.9190472,128.5966193
620,북구,문전약국,대구광역시 북구 호국로 807-45,35.9228396,128.5994399
621,북구,무림약국,대구광역시 북구 원대로 76 ,35.8824121,128.5810734
622,북구,메이저 온누리약국,대구광역시 북구 침산남로 154 ,35.8864111,128.600179
623,북구,메디팜큰사랑약국,대구광역시 북구 칠곡중앙대로 404,35.94698,128.55138
624,북구,메디팜일선약국,대구광역시 북구 동북로 288 ,35.8995215,128.6092169
625,북구,메디팜원대약국,대구광역시 북구 팔달로 217-1,35.8886112,128.5737552
626,북구,메디팜보령약국,대구광역시 북구 관음중앙로28길 7 ,35.9416603,128.546883
627,북구,메디팜녹색약국,대구광역시 북구 칠곡중앙대로 349 ,35.94698,128.55138
628,북구,매천약국,대구광역시 북구 매전로 78,35.9120849,128.5466215
629,북구,라임약국,대구광역시 북구 구암로65길 52,35.9416927,128.5641726974534
630,북구,들꽃약국,대구광역시 북구 학정로 415,35.9418024,128.5629482577636
631,북구,드림약국,대구광역시 북구 동암로 90,35.9440238,128.5599802
632,북구,동천맑은약국,대구광역시 북구 팔거천동로 213,35.942974750000005,128.5576888954924
633,북구,동신약국,대구광역시 북구 침산남로7길 6-1 ,35.8938003,128.5783838
634,북구,동서약국,대구광역시 북구 호국로 215,35.9228396,128.5994399
635,북구,동서당약국,대구광역시 북구 경진로1길 42,35.8952781,128.6161048
636,북구,동산약국,대구광역시 북구 칠곡중앙대로 457 ,35.9199402,128.5466535
637,북구,동대구약국,대구광역시 북구 대현로 91 ,35.8862833,128.6022095
638,북구,동대구경북약국,대구광역시 북구 대현로 96,35.8862833,128.6022095
639,북구,동남약국,대구광역시 북구 검단로 112-1 ,35.9089863,128.6229263
640,북구,독일약국,대구광역시 북구 팔달로 165 ,35.8886112,128.5737552
641,북구,도남약국,대구광역시 북구 도남중앙로7길 6,0.0,0.0
642,북구,대현사랑약국,대구광역시 북구 대현남로6길 11,0.0,0.0
643,북구,대학정문약국,대구광역시 북구 칠곡중앙대로 434,35.94698,128.55138
644,북구,대학약국,대구광역시 북구 성북로 47,35.892621,128.589012
645,북구,대학당약국,대구광역시 북구 학정로 551-50,35.9334854,128.561837
646,북구,대일약국,대구광역시 북구 고성로 152 ,35.8811615,128.5821946
647,북구,대영약국,대구광역시 북구 칠성남로 49-9 ,35.879229,128.5870293
648,북구,대양약국,대구광역시 북구 태전로7길 2-1,35.9241711,128.5430858
649,북구,대도약국,대구광역시 북구 산격로 24,35.8974293,128.6064018
650,북구,다정약국,대구광역시 북구 도남중앙로7길 20-4,0.0,0.0
651,북구,다이온약국,대구광역시 북구 대현로 94 ,35.8862833,128.6022095
652,북구,다원약국,대구광역시 북구 학남로3길 41,35.9515629,128.5670032
653,북구,다우약국,대구광역시 북구 팔달로 143 ,35.8886112,128.5737552
654,북구,다솔약국,대구광역시 북구 구암로 149 ,35.9411294,128.5705777
655,북구,다나은약국,대구광역시 북구 내곡로 38-6,35.8989889,128.51061889974036
656,북구,다나약국,대구광역시 북구 동북로 297 ,35.8995215,128.6092169
657,북구,늘행복한약국,대구광역시 북구 호국로 219 ,35.9461742,128.5739913
658,북구,늘푸른약국,대구광역시 북구 대천로 91,35.9394128,128.5503425
659,북구,늘사랑약국,대구광역시 북구 공항로 10 ,35.897046,128.616622
660,북구,노원건강한약국,대구광역시 북구 팔달로 31,35.8886112,128.5737552
661,북구,나라약국,대구광역시 북구 침산로 173,35.8833628,128.5901384
662,북구,금약국,대구광역시 북구 연암로 190,35.8904113,128.5994729
663,북구,금빛약국,대구광역시 북구 내곡로 38,35.899017900000004,128.50987962842936
664,북구,금강약국,대구광역시 북구 동변로 24,35.9215477,128.6013061
665,북구,그린피스약국,대구광역시 북구 대천로 87,35.9394128,128.5503425
666,북구,국약국,대구광역시 북구 구암로 150 ,35.9411294,128.5705777
667,북구,국민약국,대구광역시 북구 칠성시장로7길 28 ,35.8759713,128.603107
668,북구,구주약국,대구광역시 북구 구암로15길 22 ,35.9357384,128.5498234
669,북구,고운약국,대구광역시 북구 노원로 74,35.8897073,128.5623843
670,북구,경북정문약국,대구광역시 북구 학정로 551-20,35.9334854,128.561837
671,북구,검단약국,대구광역시 북구 검단로 255,35.9062813,128.6162638
672,북구,건중약국,대구광역시 북구 연암로 170,35.8904113,128.5994729
673,북구,건강한약국,대구광역시 북구 구암로 146 ,35.9411294,128.5705777
674,북구,건강약국,대구광역시 북구 오봉로 136,35.8946542,128.5780027
675,북구,건강백세약국,대구광역시 북구 동북로 146 ,35.8995215,128.6092169
676,북구,건강드림약국,대구광역시 북구 대천로 93 ,35.9394128,128.5503425
677,북구,강북조은약국,대구광역시 북구 학정동로 45,35.9476918,128.5684424
678,북구,강북약국,대구광역시 북구 칠곡중앙대로 450,35.94698,128.55138
679,북구,강북동산약국,대구광역시 북구 팔거천동로 223,35.9395092,128.558147
680,북구,강남당약국,대구광역시 북구 신암로 99,35.8749335,128.6053692
681,북구,가람약국,대구광역시 북구 칠곡중앙대로 443 ,35.94698,128.55138
682,북구,가람대학약국,대구광역시 북구 학정로109길 41,35.9533638,128.5636657
683,동구,바른약국,대구광역시 동구 아양로 66,35.8826878,128.6186138
684,동구,보민약국,대구광역시 동구 동부로 8-1 ,35.8749656,128.6192418
685,동구,삼강약국,대구광역시 동구 신암남로 20 ,35.8776066,128.6183465
686,동구,화신약국,대구광역시 동구 효신로 24 ,35.8722316,128.6351125
687,동구,새동보약국,대구광역시 동구 신암남로27길 81 ,35.8838067,128.6306926
688,동구,영생약국,대구광역시 동구 아양로8길 13 ,35.8803983,128.6193128
689,동구,허약국,대구광역시 동구 동촌로 212 ,35.876314,128.6814797
690,동구,대원약국,대구광역시 동구 안심로49길 110 ,35.8667061,128.7122355
691,동구,행복약국,대구광역시 동구 동대구로85길 27 ,35.8739526,128.6246404
692,동구,강남약국,대구광역시 동구 신암로 98 ,35.8774839,128.6071275
693,동구,명인약국,대구광역시 동구 동촌로 45 ,35.8907737,128.6485478
694,동구,장응약국,대구광역시 동구 반야월로 228 ,35.8723298,128.7208744
695,동구,신구약국,대구광역시 동구 해동로 19 ,35.8949963,128.6376428
696,동구,노약국,대구광역시 동구 아양로9길 7,35.8861882,128.6180247
697,동구,온누리원약국,대구광역시 동구 팔공로 137 ,35.9231393,128.6412749
698,동구,명보약국,대구광역시 동구 효목로 21 ,35.8764957,128.6396559
699,동구,수정약국,대구광역시 동구 효동로1길 66,35.8783888,128.6470726
700,동구,동화약국,대구광역시 동구 율하동로24길 7 ,35.8692454,128.7075299
701,동구,대광약국,대구광역시 동구 아양로 111-1 ,35.8924133,128.6456436
702,동구,대보약국,대구광역시 동구 팔공로 144 ,35.9571127,128.6633974
703,동구,누리약국,대구광역시 동구 팔공로 170 ,35.9231393,128.6412749
704,동구,새인성약국,대구광역시 동구 반야월로 100 ,35.8723298,128.7208744
705,동구,봉화약국,대구광역시 동구 동부로30길 63 ,35.8734302,128.628901
706,동구,권약국,대구광역시 동구 파계로6길 40 ,35.9403148,128.638784
707,동구,성도약국,대구광역시 동구 율하동로23길 21-1 ,35.8705339,128.6939925
708,동구,아양약국,대구광역시 동구 아양로 236 ,35.8826878,128.6186138
709,동구,신평화약국,대구광역시 동구 아양로 37 ,35.8826878,128.6186138
710,동구,패밀리약국,대구광역시 동구 아양로 187,35.8826878,128.6186138
711,동구,하나약국,대구광역시 동구 송라로 3 ,35.8679165,128.6185947
712,동구,한도약국,대구광역시 동구 동북로 407 ,35.8817477,128.6368835
713,동구,세경약국,대구광역시 동구 효서로 5 ,35.8777554,128.6387281
714,동구,화생약국,대구광역시 동구 반야월로 227 ,35.8723298,128.7208744
715,동구,한미약국,대구광역시 동구 송라로 30 ,35.8679165,128.6185947
716,동구,대본약국,대구광역시 동구 동촌로 204 ,35.876314,128.6814797
717,동구,김정희약국,대구광역시 동구 율하동로 137,35.86984,128.70222
718,동구,경화약국,대구광역시 동구 팔공로29길 4 ,35.9121776,128.6404644
719,동구,혜성약국,대구광역시 동구 아양로 48 ,35.8826878,128.6186138
720,동구,민들레약국,대구광역시 동구 아양로 61 ,35.8826878,128.6186138
721,동구,연합약국,대구광역시 동구 동촌로 203 ,35.8907737,128.6485478
722,동구,동원약국,대구광역시 동구 동호로 79 ,35.8655625,128.7234668
723,동구,동호우리약국,대구광역시 동구 금강로 2 ,35.86481,128.72888
724,동구,하나로약국,대구광역시 동구 아양로50길 113,35.8859684,128.6409234
725,동구,현대온누리약국,대구광역시 동구 동촌로 230,35.8907737,128.6485478
726,동구,현약국,대구광역시 동구 율하동로 115,35.86984,128.70222
727,동구,파티마삼성약국,대구광역시 동구 아양로15길 5,35.8854058,128.6231543
728,동구,정약국,대구광역시 동구 대현로 135-12 ,35.882641,128.6090868
729,동구,메디슨약국,대구광역시 동구 아양로 199,35.8826878,128.6186138
730,동구,동호팔공약국,대구광역시 동구 안심로 366,35.87223,128.69024
731,동구,방촌약국,대구광역시 동구 동촌로 228,35.8907737,128.6485478
732,동구,신세계로약국,대구광역시 동구 동촌로 237 ,35.8907737,128.6485478
733,동구,예약국,대구광역시 동구 아양로 51,35.8826878,128.6186138
734,동구,인애약국,대구광역시 동구 아양로 51-1 ,35.8826878,128.6186138
735,동구,신암성모약국,대구광역시 동구 신암남로 183 ,35.8776066,128.6183465
736,동구,정문약국,대구광역시 동구 아양로 110,35.8826878,128.6186138
737,동구,소원약국,대구광역시 동구 아양로 81,35.8826878,128.6186138
738,동구,참사랑약국,대구광역시 동구 동촌로 225 ,35.8907737,128.6485478
739,동구,다나약국,대구광역시 동구 팔공로101길 55,35.942818,128.6444788
740,동구,희망약국,대구광역시 동구 동촌로 238 ,35.8907737,128.6485478
741,동구,신영약국,대구광역시 동구 경안로 728,35.88621,128.7189358
742,동구,한마음약국,대구광역시 동구 화랑로 111,35.8767189,128.6452132
743,동구,세계로약국,대구광역시 동구 아양로 111,35.8924133,128.6456436
744,동구,반야월인제약국,대구광역시 동구 율하동로24길 39 ,35.8692454,128.7075299
745,동구,정인약국,대구광역시 동구 팔공로 148 ,35.9571127,128.6633974
746,동구,효성약국,대구광역시 동구 경안로 719 ,35.88621,128.7189358
747,동구,농심약국,대구광역시 동구 동촌로 268 ,35.8907737,128.6485478
748,동구,은진약국,대구광역시 동구 동촌로 208,35.8907737,128.6485478
749,동구,서문약국,대구광역시 동구 동촌로 217 ,35.876314,128.6814797
750,동구,새봄약국,대구광역시 동구 아양로 40,35.8826878,128.6186138
751,동구,보명당약국,대구광역시 동구 동부로 21,35.8749656,128.6192418
752,동구,수약국,대구광역시 동구 신암로 100,35.8774839,128.6071275
753,동구,그린약국,대구광역시 동구 아양로 198,35.8826878,128.6186138
754,동구,율하온누리 약국,대구광역시 동구 안심로22길 60,35.8628594,128.6982099
755,동구,율하우리들약국,대구광역시 동구 안심로 54,35.87223,128.69024
756,동구,율하우리들약국,대구광역시 동구 안심로 54,35.87223,128.69024
757,동구,새건강한약국,대구광역시 동구 장등로 12,35.8702707,128.6244017
758,동구,행복한약국,대구광역시 동구 동호로 75,35.8655625,128.7234668
759,동구,편한온누리약국,대구광역시 동구 동부로 72,35.8749656,128.6192418
760,동구,평안약국,대구광역시 동구 아양로 85,35.8826878,128.6186138
761,동구,강촌열린약국,대구광역시 동구 화랑로80길 18,35.876169,128.6684938
762,동구,율하수약국,대구광역시 동구 안심로 106,35.8702144,128.7290599
763,동구,건강약국,대구광역시 동구 동촌로 303,35.8907737,128.6485478
764,동구,건강온누리약국,대구광역시 동구 안심로22길 46,35.8634496,128.696268
765,동구,소망약국,대구광역시 동구 동촌로 41,35.8907737,128.6485478
766,동구,새사랑약국,대구광역시 동구 율하동로 138,35.86984,128.70222
767,동구,약사랑약국,대구광역시 동구 율하동로 75,35.86984,128.70222
768,동구,신암플러스약국,대구광역시 동구 아양로 69,35.8826878,128.6186138
769,동구,행복한 미래약국,대구광역시 동구 송라로11길 39 ,35.8727483,128.6181335
770,동구,큰기린약국,대구광역시 동구 동부로 26,35.8749656,128.6192418
771,동구,밝은미소약국,대구광역시 동구 동부로 19,35.8749656,128.6192418
772,동구,양춘당약국,대구광역시 동구 동촌로 228-1,35.8907737,128.6485478
773,동구,양춘당약국,대구광역시 동구 동촌로 228-1,35.8907737,128.6485478
774,동구,율하약국,대구광역시 동구 반야월로 108,35.8723298,128.7208744
775,동구,꿀약국,대구광역시 동구 효목로 39-1,35.8764957,128.6396559
776,동구,종합약국,대구광역시 동구 동대구로 550 ,35.8791851,128.6283056
777,동구,맑은약국,대구광역시 동구 반야월로28길 66,35.8688243,128.7033123
778,동구,조아약국,대구광역시 동구 동부로 26,35.8749656,128.6192418
779,동구,열린우리약국,대구광역시 동구 아양로 56,35.8826878,128.6186138
780,동구,마더스약국,대구광역시 동구 안심로 389-2,35.87223,128.69024
781,동구,인성약국,대구광역시 동구 금강로 17 ,35.8628004,128.7365218
782,동구,메트로약국,대구광역시 동구 효신로 8-4,35.8722316,128.6351125
783,동구,완쾌약국,대구광역시 동구 아양로 200,35.8826878,128.6186138
784,동구,더그린약국,대구광역시 동구 팔공로 149,35.9571127,128.6633974
785,동구,알파약국,대구광역시 동구 국채보상로 771,35.8667699,128.6295433
786,동구,명성온누리약국,대구광역시 동구 동호로 75,35.8655625,128.7234668
787,동구,한국약국,대구광역시 동구 동촌로 127 ,35.876314,128.6814797
788,동구,아침약국,대구광역시 동구 화랑로 109 ,35.8767189,128.6452132
789,동구,김약국,대구광역시 동구 장등로 20,35.8702707,128.6244017
790,동구,지묘제일약국,대구광역시 동구 파계로6길 32,35.9403148,128.638784
791,동구,이시아약국,대구광역시 동구 팔공로51길 33,35.923143,128.6381839
792,동구,고은약국,대구광역시 동구 팔공로51길 15-5,35.923143,128.6381839
793,동구,새율하약국,대구광역시 동구 안심로 58 ,35.87223,128.69024
794,동구,진약국,대구광역시 동구 신암로 80,35.8774839,128.6071275
795,동구,명약국,대구광역시 동구 신암로18길 12-1 ,35.876913,128.6129776
796,동구,광장약국,대구광역시 동구 이노밸리로 162 ,35.8805911,128.7088467
797,동구,참행복한 약국,대구광역시 동구 동부로22길 2,35.876161350000004,128.62675903426683
798,동구,늘푸른 약국,대구광역시 동구 해동로 6 ,35.8949963,128.6376428
799,동구,해인당약국,대구광역시 동구 아양로50길 114,35.8859684,128.6409234
800,동구,유일약국,대구광역시 동구 동촌로 231,35.8907737,128.6485478
801,동구,류약국,대구광역시 동구 이노밸리로 321,35.8805911,128.7088467
802,동구,조은약국,대구광역시 동구 안심로22길 40-7,35.8630575,128.6959865
803,동구,더샵약국,대구광역시 동구 팔공로51길 17,35.923143,128.6381839
804,동구,엔젤약국,대구광역시 동구 경안로 848 ,35.88621,128.7189358
805,동구,유림약국,대구광역시 동구 아양로 185 ,35.8826878,128.6186138
806,동구,백세약국,대구광역시 동구 동촌로 281 ,35.876314,128.6814797
807,동구,팜프라자약국,대구광역시 동구 안심로 80,35.87223,128.69024
808,동구,안심약국,대구광역시 동구 반야월로 373-1 ,35.8723298,128.7208744
809,동구,다사랑약국,대구광역시 동구 경안로 791 ,35.88621,128.7189358
810,동구,정든약국,대구광역시 동구 신암로 120,35.8774839,128.6071275
811,동구,메디약국,대구광역시 동구 팔공로 259,35.9571127,128.6633974
812,동구,동부유일약국,대구광역시 동구 화랑로 83 ,35.8767189,128.6452132
813,동구,주차장약국,대구광역시 동구 장등로 12 ,35.8702707,128.6244017
814,동구,새미래약국,대구광역시 동구 아양로 248 ,35.8826878,128.6186138
815,동구,제일약국,대구광역시 동구 아양로 208-1 ,35.8826878,128.6186138
816,동구,다봄약국,대구광역시 동구 안심로 359,35.87223,128.69024
817,동구,행복온누리약국,대구광역시 동구 아양로 243-1,35.8826878,128.6186138
818,동구,백만약국,대구광역시 동구 해동로 39,35.8949963,128.6376428
819,동구,강남새약국,대구광역시 동구 신암로 115,35.8774839,128.6071275
820,동구,튼튼약국,대구광역시 동구 아양로 202 ,35.8826878,128.6186138
821,동구,삼성약국,대구광역시 동구 아양로 251,35.8826878,128.6186138
822,동구,강촌하늘약국,대구광역시 동구 화랑로80길 11,35.876169,128.6684938
823,동구,세종약국,대구광역시 동구 율하동로 46,35.86984,128.70222
824,동구,율하푸른약국,대구광역시 동구 율하동로8길 73,35.8618321,128.7026047
825,동구,보라약국,대구광역시 동구 동부로 59,35.8749656,128.6192418
826,동구,동방약국,대구광역시 동구 해동로 7,35.8949963,128.6376428
827,동구,새론약국,대구광역시 동구 메디밸리로 19,35.875584,128.74943
828,동구,보광약국,대구광역시 동구 해동로 15 ,35.8949963,128.6376428
829,동구,방촌경북약국,대구광역시 동구 동촌로 211 ,35.876314,128.6814797
830,동구,큰사랑약국,대구광역시 동구 안심로22길 40,35.8635067,128.695512
831,동구,성심약국,대구광역시 동구 아양로 109,35.8826878,128.6186138
832,동구,미래약국,대구광역시 동구 국채보상로 801,35.8667699,128.6295433
833,동구,영남약국,대구광역시 동구 국채보상로159길 8 ,35.8696067,128.6162759
834,동구,그랜드약국,대구광역시 동구 동촌로 242,35.876314,128.6814797
835,동구,새혜민약국,대구광역시 동구 반야월로 371 ,35.8723298,128.7208744
836,동구,가온약국,대구광역시 동구 메디밸리로 1,35.875584,128.74943
837,동구,다온약국,대구광역시 동구 금강로 3 ,35.86481,128.72888
838,동구,따뜻한약국,대구광역시 동구 팔공로 153 ,35.9571127,128.6633974
839,동구,대경약국,대구광역시 동구 동대구로 429,35.8744749,128.6254997
840,동구,신세계약국,대구광역시 동구 아양로 50,35.8826878,128.6186138
841,동구,건강한온누리약국,대구광역시 동구 동화천로 390,35.9389365,128.6311267
842,동구,베스트약국,대구광역시 동구 안심로22길 56,35.8630575,128.6959865
843,동구,파티마미소약국,대구광역시 동구 아양로 81,35.8826878,128.6186138
844,동구,동문약국,대구광역시 동구 아양로 115,35.8924133,128.6456436
845,동구,이안약국,대구광역시 동구 송라로 142,35.8679165,128.6185947
846,동구,탑온누리약국,대구광역시 동구 팔공로 242-13,35.9231393,128.6412749
847,동구,만복약국,대구광역시 동구 안심로16길 47,35.8623895,128.6926813
848,동구,방촌하나약국,대구광역시 동구 동촌로 245,35.876314,128.6814797
849,동구,한빛약국,대구광역시 동구 송라로 81,35.8679165,128.6185947
850,동구,망고약국,대구광역시 동구 효목로 56,35.8764957,128.6396559
851,동구,각산약국,대구광역시 동구 반야월로 61,35.8723298,128.7208744
852,동구,미소약국,대구광역시 동구 효목로 41,35.8764957,128.6396559
853,동구,스마일약국,대구광역시 동구 안심로 389,35.87223,128.69024
854,동구,새평화약국,대구광역시 동구 아양로15길 2,35.8854058,128.6231543
855,동구,엘약국,대구광역시 동구 안심로 368,35.8678549,128.7246239
856,동구,우리제일약국,대구광역시 동구 국채보상로 791,35.8667699,128.6295433
857,동구,맑은샘약국,대구광역시 동구 신암남로 180,35.8776066,128.6183465
858,동구,자이약국,대구광역시 동구 송라로10길 33,35.87207,128.62175
859,동구,신천다정약국,대구광역시 동구 장등로 56,35.8718359,128.623812
860,동구,은행약국,대구광역시 동구 동촌로 229,35.8907737,128.6485478
861,동구,드림약국,대구광역시 동구 아양로 162,35.8826878,128.6186138
862,동구,안심다온약국,대구광역시 동구 반야월로 189,35.8723298,128.7208744
863,동구,화성약국,대구광역시 동구 동대구로 590,35.8744749,128.6254997
864,동구,조이약국,대구광역시 동구 반야월로 229,35.8723298,128.7208744
865,동구,1층가까운약국,대구광역시 동구 율하동로23길 2,35.8705339,128.6939925
866,동구,이룸약국,대구광역시 동구 안심로 358,35.87223,128.69024
867,달성군,시장약국,대구광역시 달성군 현풍읍 현풍로8길 19,35.6939721,128.4429665
868,달성군,신광약국,대구광역시 달성군 화원읍 비슬로512길 59,35.802538,128.4972933
869,달성군,무광온누리약국,대구광역시 달성군 현풍읍 현풍로 48,35.6985742,128.4559731
870,달성군,논공약국,대구광역시 달성군 논공읍 비슬로 1787,35.7680732,128.4089375
871,달성군,온누리성주약국,대구광역시 달성군 다사읍 달구벌대로 800-2,35.8621035,128.4587781
872,달성군,삼성옵티마약국,대구광역시 달성군 다사읍 달구벌대로 805,35.8627167,128.45944878187
873,달성군,한영약국,대구광역시 달성군 화원읍 사문진로 441,35.8075376,128.4886264
874,달성군,명곡서약국,대구광역시 달성군 화원읍 명곡로 10,35.791884,128.4986023
875,달성군,대실역동산약국,대구광역시 달성군 다사읍 달구벌대로 889,35.8535229,128.4384196
876,달성군,신세계약국,대구광역시 달성군 화원읍 명곡로 14,35.791884,128.4986023
877,달성군,옥포우리약국,대구광역시 달성군 옥포읍 비슬로 2200-1,35.7832348,128.4439369
878,달성군,화원약국,대구광역시 달성군 화원읍 비슬로 2582,35.7996919,128.4907586
879,달성군,명곡하나약국,대구광역시 달성군 화원읍 화암로 69,35.7986751,128.5062299
880,달성군,한빛약국,대구광역시 달성군 다사읍 서재로 120,35.8906251,128.5157078
881,달성군,참약국,대구광역시 달성군 논공읍 논공로9길 56,35.7292926,128.444474
882,달성군,장수약국,대구광역시 달성군 현풍읍 현풍로10길 24,35.6907138,128.4465806
883,달성군,공단 약국,대구광역시 달성군 논공읍 논공로 756,35.7326268,128.4550938
884,달성군,태평온누리약국,대구광역시 달성군 화원읍 비슬로 2723,35.7996919,128.4907586
885,달성군,정이있는정약국,대구광역시 달성군 화원읍 비슬로 2571,35.7996919,128.4907586
886,달성군,뉴그린빌동산약국,대구광역시 달성군 화원읍 성암로1길 19,35.8019779,128.5094578
887,달성군,행복한약국,대구광역시 달성군 현풍읍 비슬로130길 97,35.6946189,128.4437744
888,달성군,수온누리약국,대구광역시 달성군 다사읍 서재로 134,35.8906251,128.5157078
889,달성군,죽곡우리약국,대구광역시 달성군 다사읍 달구벌대로 864,35.8535229,128.4384196
890,달성군,행운약국,대구광역시 달성군 다사읍 달구벌대로 877,35.8535229,128.4384196
891,달성군,연합약국,대구광역시 달성군 논공읍 논공로 760,35.7326268,128.4550938
892,달성군,대우약국,대구광역시 달성군 논공읍 논공로 210,35.7326268,128.4550938
893,달성군,한일약국,대구광역시 달성군 현풍읍 현풍중앙로 42,35.7008975,128.4409576
894,달성군,홍익대학약국,대구광역시 달성군 화원읍 비슬로 2578,35.7996919,128.4907586
895,달성군,뉴한솔약국,대구광역시 달성군 다사읍 달구벌대로 893,35.8535229,128.4384196
896,달성군,그린빌하나약국,대구광역시 달성군 화원읍 성암로1길 9,35.8019779,128.5094578
897,달성군,세명약국,대구광역시 달성군 논공읍 남리길 1,35.7243989,128.4497319
898,달성군,중앙약국,대구광역시 달성군 논공읍 논공로 747,35.7326268,128.4550938
899,달성군,튼튼약국,대구광역시 달성군 다사읍 달구벌대로 881,35.8535229,128.4384196
900,달성군,죽곡탑약국,대구광역시 달성군 다사읍 달구벌대로 878,35.8535229,128.4384196
901,달성군,하리약국,대구광역시 달성군 현풍읍 현풍중앙로 62-1,35.7008975,128.4409576
902,달성군,효성약국,대구광역시 달성군 옥포읍 비슬로 2207,35.7832348,128.4439369
903,달성군,유민약국,대구광역시 달성군 다사읍 달구벌대로 866-886,0.0,0.0
904,달성군,푸른약국,대구광역시 달성군 다사읍 서재로 117,35.8906251,128.5157078
905,달성군,은하약국,대구광역시 달성군 유가읍 비슬로64길 52-1,35.6730201,128.4486457
906,달성군,동아약국,대구광역시 달성군 화원읍 비슬로 2717,35.7996919,128.4907586
907,달성군,유가약국,대구광역시 달성군 유가읍 테크노상업로 100,35.6935504,128.4585142
908,달성군,미르약국,대구광역시 달성군 옥포읍 돌미상업로1길 2,35.7810935,128.44151
909,달성군,다나약국,대구광역시 달성군 다사읍 서재로7길 12,35.8698891,128.4907467
910,달성군,수약국,대구광역시 달성군 옥포읍 돌미로 65,35.7807173,128.4417441
911,달성군,비슬약국,대구광역시 달성군 유가읍 테크노상업로 98,35.6935504,128.4585142
912,달성군,중앙온누리약국,대구광역시 달성군 현풍읍 테크노상업로 20,35.6908856,128.4534018
913,달성군,세천 현 약국,대구광역시 달성군 다사읍 세천로 161,35.8698476,128.4871573
914,달성군,구지 봄약국,대구광역시 달성군 구지면 과학마을로 34,35.6569554,128.4154169
915,달성군,우리온누리약국,대구광역시 달성군 화원읍 비슬로 2579-4,35.7956191,128.4841709
916,달성군,포산약국,대구광역시 달성군 유가읍 테크노상업로 112,35.6935504,128.4585142
917,달성군,사랑모아약국,대구광역시 달성군 유가읍 테크노상업로 108,35.6935504,128.4585142
918,달성군,오메가약국,대구광역시 달성군 다사읍 대실역남로 2,35.8500226,128.4658272
919,달성군,명성약국,대구광역시 달성군 화원읍 비슬로 2606,35.7996919,128.4907586
920,달성군,이레약국,대구광역시 달성군 가창면 가창로216길 61 ,35.8020169,128.62474
921,달성군,명광온누리약국,대구광역시 달성군 가창면 가창로 1106,35.7817139,128.6438178
922,달성군,화원동산약국,대구광역시 달성군 화원읍 비슬로 2585,35.7996919,128.4907586
923,달성군,엠스퀘어약국,대구광역시 달성군 유가읍 테크노상업로 120,35.6935504,128.4585142
924,달성군,스마일약국,대구광역시 달성군 논공읍 논공로24길 6,35.7282971,128.4473068
925,달성군,메가약국,대구광역시 달성군 유가읍 테크노순환로12길 4,35.6973327,128.4843543
926,달성군,동화약국,대구광역시 달성군 다사읍 서재로 31,35.8906251,128.5157078
927,달성군,바른손약국,대구광역시 달성군 구지면 과학마을로 46,35.6569554,128.4154169
928,달성군,세천푸른약국,대구광역시 달성군 다사읍 세천북로 5,35.8779373,128.476578
929,달성군,연세약국,대구광역시 달성군 화원읍 비슬로 2527,35.7996919,128.4907586
930,달성군,테크노제일약국,대구광역시 달성군 유가읍 테크노중앙대로 254,35.6797555,128.4580334
931,달성군,다정약국,대구광역시 달성군 다사읍 달구벌대로 873,35.8535229,128.4384196
932,달성군,다온약국,대구광역시 달성군 구지면 과학마을로 42,35.6569554,128.4154169
933,달성군,논공우리약국,대구광역시 달성군 논공읍 논공로 758,35.7284439,128.4459472
934,달성군,정다운약국,대구광역시 달성군 다사읍 달구벌대로 874,35.8535229,128.4384196
935,달성군,도담약국,대구광역시 달성군 다사읍 세천남로 14,35.873841,128.4772637
936,달성군,한사랑약국,대구광역시 달성군 다사읍 달구벌대로 875,35.8535229,128.4384196
937,달성군,동산온누리약국,대구광역시 달성군 화원읍 화암로 65,35.7986751,128.5062299
938,달성군,옥포바른약국,대구광역시 달성군 옥포읍 돌미상업로2길 1,35.7815494,128.4435941
939,달성군,인제약국,대구광역시 달성군 화원읍 비슬로 2574,35.7996919,128.4907586
940,달성군,해오름약국,대구광역시 달성군 화원읍 비슬로 2490,35.7996919,128.4907586
941,달성군,은행약국,대구광역시 달성군 다사읍 서재로20길 1,35.871433,128.4982155
942,달성군,엠허브약국,대구광역시 달성군 현풍읍 테크노상업로 30,35.692082,128.4535078
943,달성군,건강약국,대구광역시 달성군 현풍읍 비슬로122길 27-2,35.6929719,128.4440121
944,달성군,미소약국,대구광역시 달성군 다사읍 달구벌대로 863,35.8535229,128.4384196
945,달성군,마디약국,대구광역시 달성군 현풍읍 현풍중앙로 66,35.7008975,128.4409576
946,달성군,광장약국,대구광역시 달성군 다사읍 달구벌대로 871,35.8535229,128.4384196
947,달성군,마음약국,대구광역시 달성군 현풍읍 테크노상업로 46,35.692082,128.4535078
948,달성군,새봄약국,대구광역시 달성군 화원읍 비슬로 2593,35.7996919,128.4907586
949,달성군,한솔약국,대구광역시 달성군 현풍읍 현풍중앙로 28,35.7008975,128.4409576
950,달성군,요셉약국,대구광역시 달성군 다사읍 대실역북로 12,35.8618971,128.4675576
951,달성군,해맑은약국,대구광역시 달성군 유가읍 테크노상업로 110,35.6935504,128.4585142
952,달성군,정성약국,대구광역시 달성군 구지면 과학마을로 50,35.6569554,128.4154169
953,달성군,김하나약국,대구광역시 달성군 다사읍 왕선로 12,35.8667688,128.465117
954,달성군,나은약국,대구광역시 달성군 다사읍 매곡로12길 31,0.0,0.0
955,달성군,타워약국,대구광역시 달성군 현풍읍 테크노상업로 52,35.692082,128.4535078
956,달성군,설화약국,대구광역시 달성군 화원읍 비슬로 2463,35.7996919,128.4907586
957,달성군,아빠곰약국,대구광역시 달성군 현풍읍 테크노상업로 62,35.692082,128.4535078
958,달성군,시온동산약국,대구광역시 달성군 다사읍 다사역로 39,35.8675005,128.4571817
959,달성군,호호약국,대구광역시 달성군 현풍읍 테크노상업로2길 8-7,35.6922674,128.4547403
960,달성군,다사진약국,대구광역시 달성군 다사읍 다사역로 60,35.8675005,128.4571817
961,달서구,한마음약국,대구광역시 달서구 명덕로 4 ,35.8614111,128.5727327
962,달서구,명림약국,대구광역시 달서구 와룡로 110 ,35.8435651,128.5370638
963,달서구,신당약국,대구광역시 달서구 달구벌대로 1218 ,35.8593142,128.5638488
964,달서구,베드로약국,대구광역시 달서구 장기로 136 ,35.84349,128.54484
965,달서구,합동약국,대구광역시 달서구 와룡로 19-1 ,35.8435651,128.5370638
966,달서구,삼원약국,대구광역시 달서구 대명천로 59 ,35.8394646,128.5467854
967,달서구,세신약국,대구광역시 달서구 달구벌대로 1748 ,35.8593142,128.5638488
968,달서구,명문약국,대구광역시 달서구 구마로 124 ,35.8372531,128.5467398
969,달서구,장수약국,대구광역시 달서구 구마로 176 ,35.8372531,128.5467398
970,달서구,대보당약국,대구광역시 달서구 상원로 121 ,35.8157582,128.5341774
971,달서구,대송약국,대구광역시 달서구 송현동길 48 ,35.8307029,128.5479637
972,달서구,영림약국,대구광역시 달서구 월배로 327 ,35.8108473,128.5160955
973,달서구,동화약국,대구광역시 달서구 상인서로 94,35.813693,128.5458598
974,달서구,한미약국,대구광역시 달서구 야외음악당로39길 45 ,35.8550368,128.552805
975,달서구,명승약국,대구광역시 달서구 달구벌대로 1714 ,35.8593142,128.5638488
976,달서구,한약국,대구광역시 달서구 월성로 36,35.8313378,128.5304046
977,달서구,은행약국,대구광역시 달서구 계대동문로 116 ,35.8554816,128.4998643
978,달서구,새화신약국,대구광역시 달서구 송현동2길 24 ,35.8296262,128.5481526
979,달서구,채성기약국,대구광역시 달서구 학산로 16 ,35.8312126,128.5354662
980,달서구,새제일약국,대구광역시 달서구 월곡로26길 41 ,35.8086574,128.5493781
981,달서구,엄마손약국,대구광역시 달서구 용산로 229 ,35.848186,128.530687
982,달서구,보건약국,대구광역시 달서구 월성로 36,35.8313378,128.5304046
983,달서구,성서조약국,대구광역시 달서구 달구벌대로 1607 ,35.8593142,128.5638488
984,달서구,장기약국,대구광역시 달서구 달구벌대로 1352 ,35.8593142,128.5638488
985,달서구,엘지약국,대구광역시 달서구 상화북로 105 ,35.813991,128.5463104
986,달서구,열린약국,대구광역시 달서구 월배로28안길 53,35.8142913,128.5288244
987,달서구,메디팜고려약국,대구광역시 달서구 선원남로 99,35.8573992,128.5012191
988,달서구,"J,마트약국",대구광역시 달서구 이곡동로 25 ,35.8545947,128.5126404
989,달서구,동성약국,대구광역시 달서구 감삼북길 138 ,35.8520108,128.5472903
990,달서구,혜율온누리약국,대구광역시 달서구 호산로 125,35.84321,128.47485
991,달서구,한국약국,대구광역시 달서구 달구벌대로 1718 ,35.8593142,128.5638488
992,달서구,용산경북약국,대구광역시 달서구 성지로 86 ,35.8536943,128.5209947
993,달서구,희망약국,대구광역시 달서구 달구벌대로 1662 ,35.8593142,128.5638488
994,달서구,신성약국,대구광역시 달서구 상인서로 3,35.813693,128.5458598
995,달서구,새롬약국,대구광역시 달서구 이곡공원로 46 ,35.8551446,128.521052
996,달서구,새열린약국,대구광역시 달서구 당산로 43 ,35.8519808,128.5478786
997,달서구,건강약국,대구광역시 달서구 달구벌대로 1222 ,35.8593142,128.5638488
998,달서구,사랑약국,대구광역시 달서구 명덕로 17 ,35.8614111,128.5727327
999,달서구,이화약국,대구광역시 달서구 성당로 209 ,35.8489786,128.5700139
1000,달서구,용산제일약국,대구광역시 달서구 용산로 232 ,35.8602994,128.5306306
1001,달서구,일진약국,대구광역시 달서구 달구벌대로 1348 ,35.8593142,128.5638488
1002,달서구,늘푸른약국,대구광역시 달서구 신당로 56,35.853636,128.4955942
1003,달서구,영남제일약국,대구광역시 달서구 월배로 414 ,35.8172248,128.5296045
1004,달서구,메디칼약국,대구광역시 달서구 두류공원로28길 32 ,35.8484403,128.5676104
1005,달서구,다솜약국,대구광역시 달서구 용산서로 14 ,35.8575825,128.528977
1006,달서구,신진약국,대구광역시 달서구 이곡공원로 13 ,35.8551446,128.521052
1007,달서구,서동산약국,대구광역시 달서구 달구벌대로 1641 ,35.8593142,128.5638488
1008,달서구,온누리류민정약국,대구광역시 달서구 장기로 205 ,35.84349,128.54484
1009,달서구,레미안약국,대구광역시 달서구 화암로73길 24,35.8069137,128.518981
1010,달서구,솔약국,대구광역시 달서구 상인로 7 ,35.8103884,128.5503246
1011,달서구,용산동산약국,대구광역시 달서구 용산로 225 ,35.848186,128.530687
1012,달서구,도연약국,대구광역시 달서구 호산로 143 ,35.84321,128.47485
1013,달서구,새봄약국,대구광역시 달서구 달구벌대로 1542 ,35.8593142,128.5638488
1014,달서구,크로바약국,대구광역시 달서구 달구벌대로 1680 ,35.8593142,128.5638488
1015,달서구,종합약국,대구광역시 달서구 달구벌대로 1643 ,35.8593142,128.5638488
1016,달서구,푸른약국,대구광역시 달서구 송현로 113,35.8301943,128.5441454
1017,달서구,삼선당약국,대구광역시 달서구 월배로 111 ,35.8172248,128.5296045
1018,달서구,명약국,대구광역시 달서구 월곡로 320,35.8218993,128.5346848
1019,달서구,건도약국,대구광역시 달서구 월성로 20 ,35.8313378,128.5304046
1020,달서구,드림시티약국,대구광역시 달서구 장기로 244 ,35.84349,128.54484
1021,달서구,강남약국,대구광역시 달서구 도원로 20 ,35.808002200000004,128.53550421916293
1022,달서구,삼일약국,대구광역시 달서구 와룡로 123,35.8435651,128.5370638
1023,달서구,홈플러스약국,대구광역시 달서구 신당로 63 ,35.853636,128.4955942
1024,달서구,송현경북약국,대구광역시 달서구 월배로 398 ,35.8172248,128.5296045
1025,달서구,밝은온누리약국,대구광역시 달서구 달구벌대로 1736,35.8593142,128.5638488
1026,달서구,대건약국,대구광역시 달서구 월배로 92 ,35.8172248,128.5296045
1027,달서구,성당종합약국,대구광역시 달서구 두류공원로28길 40 ,35.8484403,128.5676104
1028,달서구,미래약국,대구광역시 달서구 달구벌대로 1635 ,35.8593142,128.5638488
1029,달서구,명보약국,대구광역시 달서구 계대동문로 98 ,35.8552407,128.503038
1030,달서구,이레약국,대구광역시 달서구 계대동문로 47 ,35.8554816,128.4998643
1031,달서구,매가약국,대구광역시 달서구 성서로 420,35.857316,128.5074157
1032,달서구,장기참사랑약국,대구광역시 달서구 한들로 36,35.8466793,128.5278403
1033,달서구,해맑은약국,대구광역시 달서구 비슬로 2716 ,35.8059832,128.5057059
1034,달서구,보람약국,대구광역시 달서구 와룡로 46 ,35.8435651,128.5370638
1035,달서구,주차장약국,대구광역시 달서구 진천로 56 ,35.813727,128.52442924501963
1036,달서구,원약국,대구광역시 달서구 구마로 217,35.8372531,128.5467398
1037,달서구,송현약국,대구광역시 달서구 구마로 228 ,35.8372531,128.5467398
1038,달서구,배약국,대구광역시 달서구 성당로 287 ,35.8551874,128.5740423
1039,달서구,새종합약국,대구광역시 달서구 와룡로45길 46 ,35.8543384,128.5352028
1040,달서구,미주온누리약국,대구광역시 달서구 이곡공원로 42 ,35.8551446,128.521052
1041,달서구,생명샘약국,대구광역시 달서구 도원로 19 ,35.8087862,128.5364343
1042,달서구,신세계약국,대구광역시 달서구 상화북로 185,35.813991,128.5463104
1043,달서구,타워약국,대구광역시 달서구 달구벌대로 1744 ,35.8593142,128.5638488
1044,달서구,제이약국,대구광역시 달서구 장기로 265 ,35.84349,128.54484
1045,달서구,대곡튼튼약국,대구광역시 달서구 도원로 20 ,35.808002200000004,128.53550421916293
1046,달서구,태화약국,대구광역시 달서구 월배로 316 ,35.8108473,128.5160955
1047,달서구,장기우리약국,대구광역시 달서구 한들로 23 ,35.8466793,128.5278403
1048,달서구,새인산약국,대구광역시 달서구 이곡공원로 24 ,35.8551446,128.521052
1049,달서구,제중약국,대구광역시 달서구 월배로 152 ,35.8172248,128.5296045
1050,달서구,성서명가약국,대구광역시 달서구 이곡서로 73 ,35.8541537,128.5022018
1051,달서구,새경일온누리약국,대구광역시 달서구 학산로 125,35.8312126,128.5354662
1052,달서구,서울약국,대구광역시 달서구 상원로 24 ,35.8157582,128.5341774
1053,달서구,대은약국,대구광역시 달서구 월배로 170 ,35.8172248,128.5296045
1054,달서구,명가약국,대구광역시 달서구 호산로 125 ,35.84321,128.47485
1055,달서구,유공약국,대구광역시 달서구 월곡로 86,35.8102498,128.5456554
1056,달서구,그랜드엠약국,대구광역시 달서구 용산로 141,35.8602994,128.5306306
1057,달서구,원진약국,대구광역시 달서구 구마로 265 ,35.83781385,128.55685599381496
1058,달서구,대우당약국,대구광역시 달서구 성서서로 341 ,35.83047,128.49998
1059,달서구,하늘온누리약국,대구광역시 달서구 상화북로 209 ,35.8116637,128.5317001
1060,달서구,새화성약국,대구광역시 달서구 월배로 329 ,35.8108473,128.5160955
1061,달서구,대림온누리약국,대구광역시 달서구 월배로 71,35.81466585,128.52327083768805
1062,달서구,강산약국,대구광역시 달서구 송현로 103 ,35.8301943,128.5441454
1063,달서구,하나약국,대구광역시 달서구 월배로 218 ,35.8172248,128.5296045
1064,달서구,연합약국,대구광역시 달서구 월곡로 184,35.8102498,128.5456554
1065,달서구,신약국,대구광역시 달서구 월배로 214 ,35.8172248,128.5296045
1066,달서구,성안약국,대구광역시 달서구 도원로 30,35.807176600000005,128.5352944877667
1067,달서구,세원약국,대구광역시 달서구 월배로 169 ,35.8172248,128.5296045
1068,달서구,이곡동산약국,대구광역시 달서구 선원남로 113,35.8573992,128.5012191
1069,달서구,싱싱약국,대구광역시 달서구 계대동문로 30 ,35.8554816,128.4998643
1070,달서구,스마일약국,대구광역시 달서구 달구벌대로 1467 ,35.849362,128.5287227
1071,달서구,죽전해맑은약국,대구광역시 달서구 달구벌대로 1577 ,35.8593142,128.5638488
1072,달서구,월성하나약국,대구광역시 달서구 조암남로 41 ,35.8172967,128.5154884
1073,달서구,화성약국,대구광역시 달서구 월성로 77,35.8313378,128.5304046
1074,달서구,송현 참조은약국,대구광역시 달서구 월배로 402 ,35.8172248,128.5296045
1075,달서구,유창약국,대구광역시 달서구 성서서로 355-1 ,35.83047,128.49998
1076,달서구,마더스약국성서점,대구광역시 달서구 이곡동로 24 ,35.8545947,128.5126404
1077,달서구,성당대성약국,대구광역시 달서구 당산로 39,35.8519808,128.5478786
1078,달서구,삼광온누리약국,대구광역시 달서구 당산로 88 ,35.8519808,128.5478786
1079,달서구,파티마약국,대구광역시 달서구 학산로7길 39 ,35.8319707,128.5312449
1080,달서구,정약국,대구광역시 달서구 송현로 40 ,35.8301943,128.5441454
1081,달서구,원더풀약국,대구광역시 달서구 조암로 48,35.8237427,128.5238566
1082,달서구,자생약국,대구광역시 달서구 두류공원로28길 26,35.8484403,128.5676104
1083,달서구,새 동산약국,대구광역시 달서구 월성로 42 ,35.8313378,128.5304046
1084,달서구,은성약국,대구광역시 달서구 월배로 440,35.8172248,128.5296045
1085,달서구,광장약국,대구광역시 달서구 달구벌대로 1762 ,35.8593142,128.5638488
1086,달서구,은빛약국,대구광역시 달서구 송현로7길 10,35.8182162,128.5463796
1087,달서구,제일약국,대구광역시 달서구 이곡공원로 32,35.8551446,128.521052
1088,달서구,센트로약국,대구광역시 달서구 월배로 219,35.8190224,128.5371731
1089,달서구,다나약국,대구광역시 달서구 구마로 255 ,35.8376552,128.55571665820048
1090,달서구,송현우리약국,대구광역시 달서구 월배로 332 ,35.8108473,128.5160955
1091,달서구,토마토약국,대구광역시 달서구 달구벌대로 1562 ,35.8593142,128.5638488
1092,달서구,미약국,대구광역시 달서구 당산로 89 ,35.8519808,128.5478786
1093,달서구,대곡강산약국,대구광역시 달서구 한실로 65,35.80733725,128.5338353343331
1094,달서구,굿모닝옵티마약국,대구광역시 달서구 와룡로 201 ,35.8435651,128.5370638
1095,달서구,그린약국,대구광역시 달서구 구마로 224 ,35.8372531,128.5467398
1096,달서구,백세약국,대구광역시 달서구 월배로 395,35.8172248,128.5296045
1097,달서구,새대한약국,대구광역시 달서구 성지로 70 ,35.8536943,128.5209947
1098,달서구,사랑플러스약국,대구광역시 달서구 당산로 35,35.8519808,128.5478786
1099,달서구,연금약국,대구광역시 달서구 성서로 419 ,35.857316,128.5074157
1100,달서구,튼튼약국,대구광역시 달서구 조암남로 42,35.81650275,128.51903263572245
1101,달서구,석주약국,대구광역시 달서구 성당로 195 ,35.8551874,128.5740423
1102,달서구,뽕뽕이약국,대구광역시 달서구 장기로 167,35.84349,128.54484
1103,달서구,성서효성약국,대구광역시 달서구 이곡동로 17 ,35.8545947,128.5126404
1104,달서구,옵티마참약국,대구광역시 달서구 조암로 145,35.8201589,128.516748
1105,달서구,뉴현대약국,대구광역시 달서구 월배로 322 ,35.8172248,128.5296045
1106,달서구,월드컵약국,대구광역시 달서구 월배로 432 ,35.8108473,128.5160955
1107,달서구,삼정약국,대구광역시 달서구 달구벌대로 1530,35.8493378,128.5337163
1108,달서구,초록약국,대구광역시 달서구 도원로 29 ,35.8087862,128.5364343
1109,달서구,생약국,대구광역시 달서구 월배로 137,35.8108473,128.5160955
1110,달서구,진약국,대구광역시 달서구 월배로11길 14,35.8134556,128.5204734
1111,달서구,햇살약국,대구광역시 달서구 용산로24길 87 ,35.8490339,128.534839
1112,달서구,신애약국,대구광역시 달서구 월배로 14 ,35.8172248,128.5296045
1113,달서구,연세중앙약국,대구광역시 달서구 야외음악당로 199,35.8442806,128.5525435
1114,달서구,서부약국,대구광역시 달서구 구마로 262,35.8370896,128.5565081573429
1115,달서구,은약국,대구광역시 달서구 상인서로 103-6,35.813693,128.5458598
1116,달서구,현약국,대구광역시 달서구 월배로 141 ,35.8172248,128.5296045
1117,달서구,보민약국,대구광역시 달서구 월배로 138 ,35.8172248,128.5296045
1118,달서구,성서까치약국,대구광역시 달서구 이곡공원로 12,35.8553043,128.5086871
1119,달서구,장기참좋은약국,대구광역시 달서구 장기로 268 ,35.84349,128.54484
1120,달서구,태양약국,대구광역시 달서구 월배로 63 ,35.8108473,128.5160955
1121,달서구,다은약국,대구광역시 달서구 월배로 106 ,35.8172248,128.5296045
1122,달서구,대동한마음약국,대구광역시 달서구 상화북로 101 ,35.813991,128.5463104
1123,달서구,수정약국,대구광역시 달서구 상화로 300-21 ,35.8090629,128.5175569
1124,달서구,바오로약국,대구광역시 달서구 조암로 28,35.8237427,128.5238566
1125,달서구,손주약국,대구광역시 달서구 월배로 100 ,35.8172248,128.5296045
1126,달서구,유니약국,대구광역시 달서구 조암로 4 ,35.8201589,128.516748
1127,달서구,늘편한약국,대구광역시 달서구 학산로7길 67 ,35.8319707,128.5312449
1128,달서구,건강한약국,대구광역시 달서구 학산로7길 5 ,35.8319707,128.5312449
1129,달서구,바른약국,대구광역시 달서구 조암로 24 ,35.8201589,128.516748
1130,달서구,은솔약국,대구광역시 달서구 조암남로 158,35.8167769,128.517739
1131,달서구,애플약국,대구광역시 달서구 진천로 93,35.8100628,128.5274016
1132,달서구,평화약국,대구광역시 달서구 와룡로 218,35.8542967,128.5373379
1133,달서구,연세약국,대구광역시 달서구 야외음악당로 201,35.8442806,128.5525435
1134,달서구,빛에약국,대구광역시 달서구 달구벌대로 1282,35.8593142,128.5638488
1135,달서구,만보약국,대구광역시 달서구 월배로 113,35.8172248,128.5296045
1136,달서구,새밝은약국,대구광역시 달서구 월배로 233 ,35.8108473,128.5160955
1137,달서구,참좋은약국,대구광역시 달서구 당산로 94 ,35.8519808,128.5478786
1138,달서구,올리브약국,대구광역시 달서구 비슬로 2720 ,35.8059832,128.5057059
1139,달서구,혜안약국,대구광역시 달서구 진천로 117,35.8100628,128.5274016
1140,달서구,효성약국,대구광역시 달서구 달구벌대로 1728 ,35.8593142,128.5638488
1141,달서구,용산현대약국,대구광역시 달서구 용산로 226,35.848186,128.530687
1142,달서구,우리약국,대구광역시 달서구 월배로 58,35.8172248,128.5296045
1143,달서구,우리함께약국,대구광역시 달서구 달구벌대로 1690,35.8593142,128.5638488
1144,달서구,수약국,대구광역시 달서구 상인로 14,35.8103884,128.5503246
1145,달서구,송현동산약국,대구광역시 달서구 월배로 489 ,35.83674345,128.55636841555997
1146,달서구,대성약국,대구광역시 달서구 월배로 130 ,35.8172248,128.5296045
1147,달서구,황소약국,대구광역시 달서구 성서로 420,35.857316,128.5074157
1148,달서구,상인약국,대구광역시 달서구 월곡로 260,35.8102498,128.5456554
1149,달서구,송현한마음약국,대구광역시 달서구 월배로 379,35.8108473,128.5160955
1150,달서구,마루약국,대구광역시 달서구 조암로 1,35.8201589,128.516748
1151,달서구,성서종합약국,대구광역시 달서구 계대동문로 120 ,35.8554816,128.4998643
1152,달서구,성보약국,대구광역시 달서구 야외음악당로39길 65 ,35.8550368,128.552805
1153,달서구,연세에스약국,대구광역시 달서구 야외음악당로 201,35.8442806,128.5525435
1154,달서구,지혜약국,대구광역시 달서구 도원로 30,35.807176600000005,128.5352944877667
1155,달서구,정문약국,대구광역시 달서구 감삼북길 130 ,35.8520108,128.5472903
1156,달서구,성서용산약국,대구광역시 달서구 성지로 68 ,35.8536943,128.5209947
1157,달서구,유안약국,대구광역시 달서구 월배로 18 ,35.8172248,128.5296045
1158,달서구,킴스약국,대구광역시 달서구 월배로 400 ,35.8172248,128.5296045
1159,달서구,편한약국,대구광역시 달서구 달구벌대로 1525,35.8593142,128.5638488
1160,달서구,21세기약국,대구광역시 달서구 성지로 78 ,35.8536943,128.5209947
1161,달서구,가나약국,대구광역시 달서구 월배로 175,35.8172248,128.5296045
1162,달서구,다온약국,대구광역시 달서구 달서대로 65-25,35.8515508,128.4920919
1163,달서구,고은약국,대구광역시 달서구 조암남로 38 ,35.8172967,128.5154884
1164,달서구,오성약국,대구광역시 달서구 월곡로26길 33 ,35.8086574,128.5493781
1165,달서구,플러스약국,대구광역시 달서구 조암로 149,35.8201589,128.516748
1166,달서구,달구벌약국,대구광역시 달서구 진천로 92,35.8172735,128.5228774
1167,달서구,평화온누리약국,대구광역시 달서구 월배로 120,35.8161558,128.5304099
1168,달서구,준약국,대구광역시 달서구 명덕로 23 ,35.8614111,128.5727327
1169,달서구,대곡메디약국,대구광역시 달서구 갈밭로 6,35.800854,128.53260871669025
1170,달서구,행복한약국,대구광역시 달서구 와룡로41길 11,35.8508004,128.5351306
1171,달서구,꿈나무약국,대구광역시 달서구 한실로6길 98,35.8032967,128.5283612
1172,달서구,참약국,대구광역시 달서구 달구벌대로 1545,35.8593142,128.5638488
1173,달서구,중앙약국,대구광역시 달서구 한실로 89,35.8086517,128.5272744
1174,달서구,은민약국,대구광역시 달서구 월배로11길 32,35.8134556,128.5204734
1175,달서구,참조은약국,대구광역시 달서구 이곡동로 31 ,35.8545947,128.5126404
1176,달서구,계명지하철약국,대구광역시 달서구 달구벌대로 1014,35.8593142,128.5638488
1177,달서구,두류약국,대구광역시 달서구 달구벌대로 1814,35.8593142,128.5638488
1178,달서구,성서약국,대구광역시 달서구 달구벌대로 1158,35.8593142,128.5638488
1179,달서구,메디칼중앙약국,대구광역시 달서구 달구벌대로 1015,35.8593142,128.5638488
1180,달서구,모아약국,대구광역시 달서구 도원로 36,35.8087862,128.5364343
1181,달서구,센텀약국,대구광역시 달서구 월배로 168,35.8172248,128.5296045
1182,달서구,건강드림약국,대구광역시 달서구 월배로 397,35.8108473,128.5160955
1183,달서구,다나은약국,대구광역시 달서구 월배로 196,35.8172248,128.5296045
1184,달서구,약손약국,대구광역시 달서구 월배로 164,35.8108473,128.5160955
1185,달서구,대학당약국,대구광역시 달서구 감삼북길 63,35.8520108,128.5472903
1186,달서구,월드약국,대구광역시 달서구 와룡로 169,35.8435651,128.5370638
1187,달서구,맘약국,대구광역시 달서구 조암로 39,35.8201589,128.516748
1188,달서구,시원약국,대구광역시 달서구 송현로 42,35.8301943,128.5441454
1189,달서구,더편한약국,대구광역시 달서구 월배로 93,35.8144029,128.52482087179737
1190,달서구,서남중앙약국,대구광역시 달서구 달구벌대로 1647,35.8593142,128.5638488
1191,달서구,수미약국,대구광역시 달서구 월배로 473,35.8108473,128.5160955
1192,달서구,초이스약국,대구광역시 달서구 한실로 69,35.80727605,128.53426317846504
1193,달서구,더조은약국,대구광역시 달서구 한실로 67,35.8073076,128.53404655
1194,달서구,감삼시티약국,대구광역시 달서구 달구벌대로 1666,35.8593142,128.5638488
1195,달서구,해봄약국,대구광역시 달서구 송현로7길 26,35.8182162,128.5463796
1196,달서구,세계약국,대구광역시 달서구 달구벌대로 1571,35.8593142,128.5638488
1197,달서구,대광약국,대구광역시 달서구 조암로 16,35.8201589,128.516748
1198,달서구,성당수약국,대구광역시 달서구 장기로 140,35.84349,128.54484
1199,달서구,천사약국,대구광역시 달서구 월곡로 379,35.82206,128.53402
1200,달서구,본리선약국,대구광역시 달서구 와룡로 138,35.8435651,128.5370638
1201,달서구,선한약국,대구광역시 달서구 조암남로32길 30 ,35.8187152,128.5152352
1202,달서구,죽전하나약국,대구광역시 달서구 달구벌대로 1565,35.8593142,128.5638488
1203,달서구,건약국,대구광역시 달서구 상원로 128 ,35.8199497,128.5305219
1204,달서구,새희망약국,대구광역시 달서구 조암로 42,35.8201589,128.516748
1205,달서구,죽전약손약국,대구광역시 달서구 장기로 225,35.84349,128.54484
1206,달서구,민트약국,대구광역시 달서구 조암로 29,35.8201589,128.516748
1207,달서구,도담시청약국,대구광역시 달서구 달구벌대로 1664,35.8593142,128.5638488
1208,달서구,두류경북약국,대구광역시 달서구 달구벌대로 1760,35.8593142,128.5638488
1209,달서구,부강약국,대구광역시 달서구 계대동문로 106,35.8554816,128.4998643
1210,달서구,초코약국,대구광역시 달서구 진천로 77,35.8100628,128.5274016
1211,달서구,포레약국,대구광역시 달서구 달구벌대로 1624,35.8593142,128.5638488
1212,달서구,잘짓는약국,대구광역시 달서구 달구벌대로 1653,35.8593142,128.5638488
1213,달서구,시민약국,대구광역시 달서구 월배로 204,35.8181418,128.5359978
1214,달서구,해든약국,대구광역시 달서구 달구벌대로 1726,35.8593142,128.5638488
1215,달서구,현샘약국,대구광역시 달서구 달구벌대로251길 33,35.8541204,128.5049533
1216,달서구,봄약국,대구광역시 달서구 구마로 218,35.8372531,128.5467398
1217,달서구,성모약국,대구광역시 달서구 월배로 119,35.8172248,128.5296045
1218,달서구,본리사랑약국,대구광역시 달서구 장기로 217,35.84349,128.54484
1219,달서구,상인역4번출구 무궁화약국,대구광역시 달서구 월곡로 269,35.82206,128.53402
1220,달서구,성서수약국,대구광역시 달서구 달구벌대로 1015,35.8593142,128.5638488
1221,달서구,위드팜새동안약국,대구광역시 달서구 달구벌대로203길 6,35.8544491,128.4785452
1222,달서구,동산약국,대구광역시 달서구 야외음악당로39동길 32,35.8555515,128.554837
1223,달서구,태극약국,대구광역시 달서구 구마로12길 93,35.8332072,128.5338048
1224,달서구,본리심야약국,대구광역시 달서구 용산로 52,35.848186,128.530687
1225,달서구,상인사랑약국,대구광역시 달서구 월배로 199,35.8172248,128.5296045
1226,달서구,편안한약국,대구광역시 달서구 달구벌대로205길 7,35.853903,128.4785808
1227,달서구,강창역약국,대구광역시 달서구 달구벌대로 1014,35.8593142,128.5638488
1228,달서구,올약국,대구광역시 달서구 장기로 193,35.84349,128.54484
1229,달서구,대형약국,대구광역시 달서구 달구벌대로205길 16,35.853903,128.4785808
1230,달서구,새로운약국,대구광역시 달서구 달구벌대로205길 11,35.853903,128.4785808
1231,달서구,열린정문약국,대구광역시 달서구 달구벌대로203길 6,35.8544491,128.4785452
1232,달서구,소림약국,대구광역시 달서구 상인서로 39,35.813693,128.5458598
1233,달서구,계대동문약국,대구광역시 달서구 계대동문로 2,35.8554816,128.4998643
1234,달서구,준진약국,대구광역시 달서구 조암남로32길 40,35.8187152,128.5152352
1235,달서구,이룸약국,대구광역시 달서구 와룡로 206,35.8435651,128.5370638
1236,달서구,정담약국,대구광역시 달서구 월배로 62 ,35.813249299999995,128.52129566536215
1237,남구,신세안약국,대구광역시 남구 대명로 298 ,35.8437619,128.5872112
1238,남구,경애약국,대구광역시 남구 대봉로17길 6 ,0.0,0.0
1239,남구,달성약국,대구광역시 남구 양지로 12,35.8511341,128.577979
1240,남구,부산약국,대구광역시 남구 대명로 125 ,35.8391727,128.5738617
1241,남구,새제일약국,대구광역시 남구 중앙대로31길 167 ,35.8512541,128.5861679
1242,남구,명당약국,대구광역시 남구 봉덕로 123 ,0.0,0.0
1243,남구,유일약국,대구광역시 남구 양지로 20-4 ,35.8511341,128.577979
1244,남구,동제약국,대구광역시 남구 중앙대로 160 ,35.8449144,128.5904568
1245,남구,주경약국,대구광역시 남구 대경길 63-1 ,35.8473567,128.5727247
1246,남구,대동약국,대구광역시 남구 대명로 27-1 ,35.83857715,128.56053200000002
1247,남구,미리내약국,대구광역시 남구 앞산순환로 675 ,35.8331169,128.5874864
1248,남구,영화약국,대구광역시 남구 큰골길 75 ,35.83743,128.57806
1249,남구,마리아약국,대구광역시 남구 두류공원로19길 8-1 ,0.0,0.0
1250,남구,남대구약국,대구광역시 남구 대명로 297-1 ,35.8437619,128.5872112
1251,남구,대학약국,대구광역시 남구 중앙대로 125 ,35.8449144,128.5904568
1252,남구,효성약국,대구광역시 남구 신촌길 57,35.8383883,128.6031363
1253,남구,매일인터넷약국,대구광역시 남구 효성중앙길 14 ,35.835983,128.6021377
1254,남구,남경북약국,대구광역시 남구 이천로 40 ,35.8430651,128.5981492
1255,남구,광장약국,대구광역시 남구 대명로 140,35.8402271,128.5799587
1256,남구,수정약국,대구광역시 남구 두류공원로17길 36 ,35.8444104,128.5682256
1257,남구,온누리대학약국,대구광역시 남구 두류공원로17길 16 ,35.8444104,128.5682256
1258,남구,새매일약국,대구광역시 남구 대명서로 109 ,35.8323634,128.5592655
1259,남구,한사랑약국,대구광역시 남구 대명로 26 ,35.837906700000005,128.56033585
1260,남구,대학당약국,대구광역시 남구 중앙대로29길 27 ,35.84601,128.5882075
1261,남구,온누리동일약국,대구광역시 남구 두류공원로17길 16 ,35.8444104,128.5682256
1262,남구,장안약국,대구광역시 남구 두류공원로 18-1 ,35.842484,128.5717265
1263,남구,플러스약국,대구광역시 남구 중앙대로 230 ,35.8449144,128.5904568
1264,남구,우리약국,대구광역시 남구 성당로 200-2 ,35.8425993,128.5613922
1265,남구,대명동산약국,대구광역시 남구 명덕로 70 ,35.8578561,128.5794223
1266,남구,강약국,대구광역시 남구 중앙대로29길 29 ,35.84601,128.5882075
1267,남구,이천메디칼약국,대구광역시 남구 명덕로 326 ,35.8551952,128.6024703
1268,남구,새명약국,대구광역시 남구 봉덕로 73 ,0.0,0.0
1269,남구,새건강약국,대구광역시 남구 성당로 200-1 ,35.8425993,128.5613922
1270,남구,보명당약국,대구광역시 남구 봉덕로 77 ,0.0,0.0
1271,남구,영선제일약국,대구광역시 남구 중앙대로48길 3 ,35.852444,128.5924065
1272,남구,안지랑약국,대구광역시 남구 대명로 180 ,35.8402271,128.5799587
1273,남구,하나로약국,대구광역시 남구 중앙대로 228 ,35.8449144,128.5904568
1274,남구,은행약국,대구광역시 남구 성당로 206 ,35.8425993,128.5613922
1275,남구,미래약국,대구광역시 남구 성당로 152-1,35.8425993,128.5613922
1276,남구,메디칼하나약국,대구광역시 남구 성당로 166 ,35.8425993,128.5613922
1277,남구,대진약국,대구광역시 남구 두류공원로17길 38 ,35.8444104,128.5682256
1278,남구,우리들약국,대구광역시 남구 대명로 216 ,35.8402271,128.5799587
1279,남구,백세약국,대구광역시 남구 성당로 204 ,35.8425993,128.5613922
1280,남구,지혜약국,대구광역시 남구 두류공원로 26 ,35.842484,128.5717265
1281,남구,뉴드림약국,대구광역시 남구 대명로 155 ,35.8402271,128.5799587
1282,남구,프라자약국,대구광역시 남구 대명로 116 ,35.8402271,128.5799587
1283,남구,대구약국,대구광역시 남구 두류공원로 22 ,35.842484,128.5717265
1284,남구,용지온누리약국,대구광역시 남구 효성로 84 ,35.8371373,128.5990219
1285,남구,솔약국,대구광역시 남구 월배로 482 ,35.8308193,128.5515522
1286,남구,행복약국,대구광역시 남구 월배로 474,35.8308193,128.5515522
1287,남구,새봄약국,대구광역시 남구 명덕시장길 51 ,35.8457656,128.5879912
1288,남구,열린미래약국,대구광역시 남구 백의1길 48 ,0.0,0.0
1289,남구,새조은약국,대구광역시 남구 명덕시장길 48 ,35.8457656,128.5879912
1290,남구,열린약국,대구광역시 남구 대명로 162-1 ,35.8402271,128.5799587
1291,남구,안지약국,대구광역시 남구 대명로 174 ,35.8402271,128.5799587
1292,남구,금비약국,대구광역시 남구 이천로19길 15-2 ,35.8502915,128.5953172
1293,남구,수플러스온누리약국,대구광역시 남구 대명로 124 ,35.8392727,128.5651714
1294,남구,달성곽약국,대구광역시 남구 월배로 470 ,35.8308193,128.5515522
1295,남구,메디팜사랑약국,대구광역시 남구 대명로 72 ,35.8402271,128.5799587
1296,남구,새소망약국,대구광역시 남구 대명남로 91 ,35.83491,128.5687085
1297,남구,한아름약국,대구광역시 남구 대명로 135,35.8402271,128.5799587
1298,남구,관문약국,대구광역시 남구 대명서로 165,35.8323634,128.5592655
1299,남구,애플약국,대구광역시 남구 대명로 290-1,35.8402271,128.5799587
1300,남구,드림약국,대구광역시 남구 명덕시장길 87-16 ,35.8457656,128.5879912
1301,남구,신정문약국,대구광역시 남구 중앙대로29길 28 ,35.84601,128.5882075
1302,남구,신대학약국,대구광역시 남구 명덕시장길 87-17 ,35.8457656,128.5879912
1303,남구,행복한약국,대구광역시 남구 중앙대로31길 203 ,35.8465946,128.589112
1304,남구,청마약국,대구광역시 남구 명덕시장길 50,35.8457656,128.5879912
1305,남구,영남약국,대구광역시 남구 중앙대로29길 33 ,35.84601,128.5882075
1306,남구,온누리김약국,대구광역시 남구 영선길 28,35.8535393,128.5949711
1307,남구,모자약국,대구광역시 남구 대명로 228 ,35.8402271,128.5799587
1308,남구,새성모약국,대구광역시 남구 중앙대로42길 36 ,35.8508517,128.593275
1309,남구,동아약국,대구광역시 남구 명덕로 322,35.8551952,128.6024703
1310,남구,세계로약국,대구광역시 남구 두류공원로17길 40,35.8444104,128.5682256
1311,남구,서약국,대구광역시 남구 현충로 99,35.8428494,128.5800114
1312,남구,다온약국,대구광역시 남구 봉덕로 90,0.0,0.0
1313,남구,한빛약국,대구광역시 남구 월배로 468,35.8308193,128.5515522
1314,남구,초록약국,대구광역시 남구 중앙대로 240,35.8449144,128.5904568
1315,남구,대학천사약국,대구광역시 남구 두류공원로19길 31,0.0,0.0
1316,남구,정인약국,대구광역시 남구 명덕로 164-1 ,35.8578561,128.5794223
1317,남구,백일온누리약국,대구광역시 남구 대명로 12,35.8375925,128.55880584232972
1318,남구,평화약국,대구광역시 남구 두류공원로17길 32,35.8444104,128.5682256
1319,남구,손약국,대구광역시 남구 중앙대로29길 31 ,35.84601,128.5882075
1320,남구,장원약국,대구광역시 남구 백의1길 50,0.0,0.0
1321,남구,성모약국,대구광역시 남구 두류공원로17길 39,35.8444104,128.5682256
1322,남구,참열린약국,대구광역시 남구 두류공원로17길 28,35.8444104,128.5682256
1323,남구,민애약국,대구광역시 남구 봉덕로 17 ,0.0,0.0
1324,남구,햇살약국,대구광역시 남구 대명로 65,35.8402271,128.5799587
1325,남구,정성약국,대구광역시 남구 중앙대로29길 25,35.84601,128.5882075
1326,남구,제일약국,대구광역시 남구 명덕시장길 53,35.8457656,128.5879912
1327,남구,남문약국,대구광역시 남구 명덕시장길 45 ,35.8457656,128.5879912
1328,남구,명보약국,대구광역시 남구 중앙대로22길 179,35.8427428,128.5944756
1329,남구,미소약국,대구광역시 남구 월배로 468,35.8308193,128.5515522
1330,남구,다사랑약국,대구광역시 남구 명덕로 140,35.8578561,128.5794223
1331,남구,건강약국,대구광역시 남구 대명로 205,35.8402271,128.5799587
1332,남구,정문약국,대구광역시 남구 성당로 170-2,35.8425993,128.5613922
1333,남구,미소온누리약국,대구광역시 남구 성당로 222,35.8425993,128.5613922
1334,남구,대명약국,대구광역시 남구 대명로 66,35.8402271,128.5799587
1335,남구,밝은온누리약국,대구광역시 남구 대명로 304,35.8402271,128.5799587
1336,남구,기린약국,대구광역시 남구 신촌길 57,35.8383883,128.6031363
1337,남구,봉덕정약국,대구광역시 남구 대봉로 61,35.841717,128.6042255
1338,남구,초이스약국,대구광역시 남구 대명로 6,35.8373367,128.5582260689284
1339,남구,다솜약국,대구광역시 남구 대명로 123,35.8402271,128.5799587
1340,남구,즐거운약국,대구광역시 남구 성당로 182-1,35.8425993,128.5613922
1341,남구,민약국,대구광역시 남구 효성로 80,35.8371373,128.5990219
1342,남구,뉴(NEW) 남대구약국,대구광역시 남구 중앙대로 200,35.850674999999995,128.59101904982424
1343,남구,대명드림약국,대구광역시 남구 대명로 86,35.8402271,128.5799587
1344,남구,위드팜다올약국,대구광역시 남구 백의1길 30-10,0.0,0.0
1345,남구,다담약국,대구광역시 남구 중앙대로 151,35.8449144,128.5904568
1346,군위군,정다운약국,대구광역시 군위군 우보면 이화길 133,36.1956122,128.6646554
1347,군위군,경북약국,대구광역시 군위군 군위읍 중앙길 89,36.2459784,128.5680187
1348,군위군,백세약국,대구광역시 군위군 군위읍 중앙길 72,36.2459784,128.5680187
1349,군위군,대구약국,대구광역시 군위군 군위읍 중앙길 88,36.2459784,128.5680187
1350,군위군,만민약국,대구광역시 군위군 의흥면 읍내길 54,36.1747812,128.7181904
1351,군위군,덕화약국,대구광역시 군위군 효령면치산효령로2385- 9,0.0,0.0
1352,군위군,화성약국,대구광역시 군위군 군위읍 동서1길 17-9,0.0,0.0
1353,군위군,우리약국,대구광역시 군위군 군위읍 동서길 37,0.0,0.0
